{
  "relationships_blocked_users": [
    {
      "title": "shnmert.01",
      "string_list_data": [
        {
          "href": "https://www.instagram.com/_u/shnmert.01",
          "timestamp": 1761334621
        }
      ]
    },
    {
      "title": "kadirgormezz",
      "string_list_data": [
        {
          "href": "https://www.instagram.com/_u/kadirgormezz",
          "timestamp": 1760687235
        }
      ]
    },
    {
      "title": "ergunozdemirrr1",
      "string_list_data": [
        {
          "href": "https://www.instagram.com/_u/ergunozdemirrr1",
          "timestamp": 1757419196
        }
      ]
    },
    {
      "title": "ardaltunhan",
      "string_list_data": [
        {
          "href": "https://www.instagram.com/_u/ardaltunhan",
          "timestamp": 1752329911
        }
      ]
    },
    {
      "title": "dilberbekmez",
      "string_list_data": [
        {
          "href": "https://www.instagram.com/_u/dilberbekmez",
          "timestamp": 1751365576
        }
      ]
    },
    {
      "title": "asyaydsss",
      "string_list_data": [
        {
          "href": "https://www.instagram.com/_u/asyaydsss",
          "timestamp": 1751365565
        }
      ]
    },
    {
      "title": "jiyanfidan98",
      "string_list_data": [
        {
          "href": "https://www.instagram.com/_u/jiyanfidan98",
          "timestamp": 1747898743
        }
      ]
    },
    {
      "title": "receptorpucu",
      "string_list_data": [
        {
          "href": "https://www.instagram.com/_u/receptorpucu",
          "timestamp": 1743175426
        }
      ]
    },
    {
      "title": "kartalbayrakli_1903",
      "string_list_data": [
        {
          "href": "https://www.instagram.com/_u/kartalbayrakli_1903",
          "timestamp": 1741979490
        }
      ]
    },
    {
      "title": "dr_sizirap",
      "string_list_data": [
        {
          "href": "https://www.instagram.com/_u/dr_sizirap",
          "timestamp": 1739051969
        }
      ]
    },
    {
      "title": "rami_ag80",
      "string_list_data": [
        {
          "href": "https://www.instagram.com/_u/rami_ag80",
          "timestamp": 1735202794
        }
      ]
    },
    {
      "title": "ozguryildirimtattoo",
      "string_list_data": [
        {
          "href": "https://www.instagram.com/_u/ozguryildirimtattoo",
          "timestamp": 1700401927
        }
      ]
    },
    {
      "title": "hlil_srr",
      "string_list_data": [
        {
          "href": "https://www.instagram.com/_u/hlil_srr",
          "timestamp": 1687366543
        }
      ]
    },
    {
      "title": "deniz_aakay",
      "string_list_data": [
        {
          "href": "https://www.instagram.com/_u/deniz_aakay",
          "timestamp": 1672685814
        }
      ]
    },
    {
      "title": "omercetin17",
      "string_list_data": [
        {
          "href": "https://www.instagram.com/_u/omercetin17",
          "timestamp": 1670436014
        }
      ]
    },
    {
      "title": "yeliztumenbeauty",
      "string_list_data": [
        {
          "href": "https://www.instagram.com/_u/yeliztumenbeauty",
          "timestamp": 1670436001
        }
      ]
    },
    {
      "title": "murat.tmn",
      "string_list_data": [
        {
          "href": "https://www.instagram.com/_u/murat.tmn",
          "timestamp": 1670435984
        }
      ]
    },
    {
      "title": "33melda33",
      "string_list_data": [
        {
          "href": "https://www.instagram.com/_u/33melda33",
          "timestamp": 1670435924
        }
      ]
    },
    {
      "title": "fatos.y01",
      "string_list_data": [
        {
          "href": "https://www.instagram.com/_u/fatos.y01",
          "timestamp": 1670435917
        }
      ]
    },
    {
      "title": "kubi.gzgn",
      "string_list_data": [
        {
          "href": "https://www.instagram.com/_u/kubi.gzgn",
          "timestamp": 1665948904
        }
      ]
    },
    {
      "title": "hahaahhwywwyyaha",
      "string_list_data": [
        {
          "href": "https://www.instagram.com/_u/hahaahhwywwyyaha",
          "timestamp": 1652277383
        }
      ]
    },
    {
      "title": "taeserrekany",
      "string_list_data": [
        {
          "href": "https://www.instagram.com/_u/taeserrekany",
          "timestamp": 1649157547
        }
      ]
    },
    {
      "title": "melikedemirr01",
      "string_list_data": [
        {
          "href": "https://www.instagram.com/_u/melikedemirr01",
          "timestamp": 1634549905
        }
      ]
    },
    {
      "title": "fsjjswj73jns7ejs",
      "string_list_data": [
        {
          "href": "https://www.instagram.com/_u/fsjjswj73jns7ejs",
          "timestamp": 1632725436
        }
      ]
    },
    {
      "title": "kapattkkk.0",
      "string_list_data": [
        {
          "href": "https://www.instagram.com/_u/kapattkkk.0",
          "timestamp": 1629614531
        }
      ]
    },
    {
      "title": "halimi_anlarsn",
      "string_list_data": [
        {
          "href": "https://www.instagram.com/_u/halimi_anlarsn",
          "timestamp": 1629226280
        }
      ]
    },
    {
      "title": "betullsaricam",
      "string_list_data": [
        {
          "href": "https://www.instagram.com/_u/betullsaricam",
          "timestamp": 1628622518
        }
      ]
    },
    {
      "title": "zeus.ttr",
      "string_list_data": [
        {
          "href": "https://www.instagram.com/_u/zeus.ttr",
          "timestamp": 1624985172
        }
      ]
    },
    {
      "title": "shxjsjshxhdhw",
      "string_list_data": [
        {
          "href": "https://www.instagram.com/_u/shxjsjshxhdhw",
          "timestamp": 1624985163
        }
      ]
    },
    {
      "title": "vicko.vicki123",
      "string_list_data": [
        {
          "href": "https://www.instagram.com/_u/vicko.vicki123",
          "timestamp": 1613843363
        }
      ]
    },
    {
      "title": "esilla.ch",
      "string_list_data": [
        {
          "href": "https://www.instagram.com/_u/esilla.ch",
          "timestamp": 1613752867
        }
      ]
    },
    {
      "title": "eylulsakalliofficial",
      "string_list_data": [
        {
          "href": "https://www.instagram.com/_u/eylulsakalliofficial",
          "timestamp": 1612268115
        }
      ]
    },
    {
      "title": "dt.yasinyildiz",
      "string_list_data": [
        {
          "href": "https://www.instagram.com/_u/dt.yasinyildiz",
          "timestamp": 1611430515
        }
      ]
    },
    {
      "title": "viuehara",
      "string_list_data": [
        {
          "href": "https://www.instagram.com/_u/viuehara",
          "timestamp": 1608743381
        }
      ]
    },
    {
      "title": "themammii",
      "string_list_data": [
        {
          "href": "https://www.instagram.com/_u/themammii",
          "timestamp": 1606922718
        }
      ]
    },
    {
      "title": "ergunozd01",
      "string_list_data": [
        {
          "href": "https://www.instagram.com/_u/ergunozd01",
          "timestamp": 1606206737
        }
      ]
    },
    {
      "title": "ogulcannn8",
      "string_list_data": [
        {
          "href": "https://www.instagram.com/_u/ogulcannn8",
          "timestamp": 1606162533
        }
      ]
    },
    {
      "title": "kartalgenc",
      "string_list_data": [
        {
          "href": "https://www.instagram.com/_u/kartalgenc",
          "timestamp": 1605461753
        }
      ]
    },
    {
      "title": "utku.atbyyy",
      "string_list_data": [
        {
          "href": "https://www.instagram.com/_u/utku.atbyyy",
          "timestamp": 1601662768
        }
      ]
    },
    {
      "title": "freeetss.4",
      "string_list_data": [
        {
          "href": "https://www.instagram.com/_u/freeetss.4",
          "timestamp": 1585333549
        }
      ]
    },
    {
      "title": "2.sayfaofficial",
      "string_list_data": [
        {
          "href": "https://www.instagram.com/_u/2.sayfaofficial",
          "timestamp": 1571464813
        }
      ]
    },
    {
      "title": "syftn_byrm",
      "string_list_data": [
        {
          "href": "https://www.instagram.com/_u/syftn_byrm",
          "timestamp": 1566969203
        }
      ]
    },
    {
      "title": "nilgunbodur",
      "string_list_data": [
        {
          "href": "https://www.instagram.com/_u/nilgunbodur",
          "timestamp": 1566672895
        }
      ]
    },
    {
      "title": "mmert.clkc0101",
      "string_list_data": [
        {
          "href": "https://www.instagram.com/_u/mmert.clkc0101",
          "timestamp": 1566120824
        }
      ]
    },
    {
      "title": "ceyhun_damar",
      "string_list_data": [
        {
          "href": "https://www.instagram.com/_u/ceyhun_damar",
          "timestamp": 1559846427
        }
      ]
    },
    {
      "title": "meryem__parlak",
      "string_list_data": [
        {
          "href": "https://www.instagram.com/_u/meryem__parlak",
          "timestamp": 1558260123
        }
      ]
    },
    {
      "title": "akydnahmet7710",
      "string_list_data": [
        {
          "href": "https://www.instagram.com/_u/akydnahmet7710",
          "timestamp": 1548403421
        }
      ]
    },
    {
      "title": "seyithann.1907",
      "string_list_data": [
        {
          "href": "https://www.instagram.com/_u/seyithann.1907",
          "timestamp": 1544937673
        }
      ]
    },
    {
      "title": "bailey.mclaren.58",
      "string_list_data": [
        {
          "href": "https://www.instagram.com/_u/bailey.mclaren.58",
          "timestamp": 1543425863
        }
      ]
    },
    {
      "title": "sevgim.pg.___",
      "string_list_data": [
        {
          "href": "https://www.instagram.com/_u/sevgim.pg.___",
          "timestamp": 1543267031
        }
      ]
    },
    {
      "title": "magazingastesi",
      "string_list_data": [
        {
          "href": "https://www.instagram.com/_u/magazingastesi",
          "timestamp": 1536494757
        }
      ]
    },
    {
      "title": "mustafaaynaaaa",
      "string_list_data": [
        {
          "href": "https://www.instagram.com/_u/mustafaaynaaaa",
          "timestamp": 1533846131
        }
      ]
    },
    {
      "title": "eneesseen",
      "string_list_data": [
        {
          "href": "https://www.instagram.com/_u/eneesseen",
          "timestamp": 1533825544
        }
      ]
    },
    {
      "title": "yakup_srcn",
      "string_list_data": [
        {
          "href": "https://www.instagram.com/_u/yakup_srcn",
          "timestamp": 1533226323
        }
      ]
    },
    {
      "title": "33.galatasaray.33",
      "string_list_data": [
        {
          "href": "https://www.instagram.com/_u/33.galatasaray.33",
          "timestamp": 1529835901
        }
      ]
    },
    {
      "title": "m.aamir1106",
      "string_list_data": [
        {
          "href": "https://www.instagram.com/_u/m.aamir1106",
          "timestamp": 1529505021
        }
      ]
    },
    {
      "title": "franzi.wttr",
      "string_list_data": [
        {
          "href": "https://www.instagram.com/_u/franzi.wttr",
          "timestamp": 1529504958
        }
      ]
    },
    {
      "title": "mesut_amak47",
      "string_list_data": [
        {
          "href": "https://www.instagram.com/_u/mesut_amak47",
          "timestamp": 1528471546
        }
      ]
    },
    {
      "title": "zerotsu_dinf",
      "string_list_data": [
        {
          "href": "https://www.instagram.com/_u/zerotsu_dinf",
          "timestamp": 1527415190
        }
      ]
    },
    {
      "title": "ssssgygv",
      "string_list_data": [
        {
          "href": "https://www.instagram.com/_u/ssssgygv",
          "timestamp": 1523802493
        }
      ]
    },
    {
      "title": "hotvideooss",
      "string_list_data": [
        {
          "href": "https://www.instagram.com/_u/hotvideooss",
          "timestamp": 1523373002
        }
      ]
    },
    {
      "title": "sbarankoglu1",
      "string_list_data": [
        {
          "href": "https://www.instagram.com/_u/sbarankoglu1",
          "timestamp": 1516025789
        }
      ]
    },
    {
      "title": "_mertcan2121",
      "string_list_data": [
        {
          "href": "https://www.instagram.com/_u/_mertcan2121",
          "timestamp": 1515507350
        }
      ]
    },
    {
      "title": "kemalekiin",
      "string_list_data": [
        {
          "href": "https://www.instagram.com/_u/kemalekiin",
          "timestamp": 1515274097
        }
      ]
    },
    {
      "title": "kurtthsn115",
      "string_list_data": [
        {
          "href": "https://www.instagram.com/_u/kurtthsn115",
          "timestamp": 1515001337
        }
      ]
    },
    {
      "title": "alihanyiilmaz",
      "string_list_data": [
        {
          "href": "https://www.instagram.com/_u/alihanyiilmaz",
          "timestamp": 1513345820
        }
      ]
    },
    {
      "title": "zeycandalgic",
      "string_list_data": [
        {
          "href": "https://www.instagram.com/_u/zeycandalgic",
          "timestamp": 1506872189
        }
      ]
    },
    {
      "title": "esinoznur",
      "string_list_data": [
        {
          "href": "https://www.instagram.com/_u/esinoznur",
          "timestamp": 1505416424
        }
      ]
    },
    {
      "title": "jsishsjshkshskshshss",
      "string_list_data": [
        {
          "href": "https://www.instagram.com/_u/jsishsjshkshskshshss",
          "timestamp": 1501861278
        }
      ]
    },
    {
      "title": "haveas3x",
      "string_list_data": [
        {
          "href": "https://www.instagram.com/_u/haveas3x",
          "timestamp": 1500741187
        }
      ]
    },
    {
      "title": "mccm2712",
      "string_list_data": [
        {
          "href": "https://www.instagram.com/_u/mccm2712",
          "timestamp": 1500446993
        }
      ]
    },
    {
      "title": "elifakilllll",
      "string_list_data": [
        {
          "href": "https://www.instagram.com/_u/elifakilllll",
          "timestamp": 1494159680
        }
      ]
    },
    {
      "title": "ilkay_mat1",
      "string_list_data": [
        {
          "href": "https://www.instagram.com/_u/ilkay_mat1",
          "timestamp": 1490548818
        }
      ]
    },
    {
      "title": "polgazm",
      "string_list_data": [
        {
          "href": "https://www.instagram.com/_u/polgazm",
          "timestamp": 1490447082
        }
      ]
    },
    {
      "title": "leventfiratt",
      "string_list_data": [
        {
          "href": "https://www.instagram.com/_u/leventfiratt",
          "timestamp": 1489353353
        }
      ]
    },
    {
      "title": "okankandemir72",
      "string_list_data": [
        {
          "href": "https://www.instagram.com/_u/okankandemir72",
          "timestamp": 1487350400
        }
      ]
    },
    {
      "title": "xkaanguvenx",
      "string_list_data": [
        {
          "href": "https://www.instagram.com/_u/xkaanguvenx",
          "timestamp": 1484808209
        }
      ]
    },
    {
      "title": "asjdhdjsjsjssj",
      "string_list_data": [
        {
          "href": "https://www.instagram.com/_u/asjdhdjsjsjssj",
          "timestamp": 1484383909
        }
      ]
    },
    {
      "title": "ataberk_sen16",
      "string_list_data": [
        {
          "href": "https://www.instagram.com/_u/ataberk_sen16",
          "timestamp": 1482253153
        }
      ]
    },
    {
      "title": "andrey.usih",
      "string_list_data": [
        {
          "href": "https://www.instagram.com/_u/andrey.usih",
          "timestamp": 1481459895
        }
      ]
    },
    {
      "title": "hsynorss01",
      "string_list_data": [
        {
          "href": "https://www.instagram.com/_u/hsynorss01",
          "timestamp": 1475925437
        }
      ]
    },
    {
      "title": "_adam_yabancu",
      "string_list_data": [
        {
          "href": "https://www.instagram.com/_u/_adam_yabancu",
          "timestamp": 1475510885
        }
      ]
    },
    {
      "title": "andrewpetrov1",
      "string_list_data": [
        {
          "href": "https://www.instagram.com/_u/andrewpetrov1",
          "timestamp": 1475071882
        }
      ]
    },
    {
      "title": "____dina__stari.inst",
      "string_list_data": [
        {
          "href": "https://www.instagram.com/_u/____dina__stari.inst",
          "timestamp": 1474694649
        }
      ]
    },
    {
      "title": "asdefgtgiglfj",
      "string_list_data": [
        {
          "href": "https://www.instagram.com/_u/asdefgtgiglfj",
          "timestamp": 1471422924
        }
      ]
    },
    {
      "title": "artem.susleme",
      "string_list_data": [
        {
          "href": "https://www.instagram.com/_u/artem.susleme",
          "timestamp": 1469307520
        }
      ]
    },
    {
      "title": "erolmedet",
      "string_list_data": [
        {
          "href": "https://www.instagram.com/_u/erolmedet",
          "timestamp": 1468780788
        }
      ]
    },
    {
      "title": "nazimcoskun_3728",
      "string_list_data": [
        {
          "href": "https://www.instagram.com/_u/nazimcoskun_3728",
          "timestamp": 1468772902
        }
      ]
    },
    {
      "title": "skakdhwksbdi",
      "string_list_data": [
        {
          "href": "https://www.instagram.com/_u/skakdhwksbdi",
          "timestamp": 1468660992
        }
      ]
    },
    {
      "title": "yenalatlas",
      "string_list_data": [
        {
          "href": "https://www.instagram.com/_u/yenalatlas",
          "timestamp": 1468621494
        }
      ]
    },
    {
      "title": "theasli.fc",
      "string_list_data": [
        {
          "href": "https://www.instagram.com/_u/theasli.fc",
          "timestamp": 1468160793
        }
      ]
    },
    {
      "title": "bilimolojicom",
      "string_list_data": [
        {
          "href": "https://www.instagram.com/_u/bilimolojicom",
          "timestamp": 1467237217
        }
      ]
    },
    {
      "title": "hasan8650",
      "string_list_data": [
        {
          "href": "https://www.instagram.com/_u/hasan8650",
          "timestamp": 1461698483
        }
      ]
    },
    {
      "title": "ghegagli.a",
      "string_list_data": [
        {
          "href": "https://www.instagram.com/_u/ghegagli.a",
          "timestamp": 1451242482
        }
      ]
    },
    {
      "title": "selin00021",
      "string_list_data": [
        {
          "href": "https://www.instagram.com/_u/selin00021",
          "timestamp": 1445690379
        }
      ]
    },
    {
      "title": "oguz_photographer",
      "string_list_data": [
        {
          "href": "https://www.instagram.com/_u/oguz_photographer",
          "timestamp": 1438190481
        }
      ]
    },
    {
      "title": "fatihh.koca",
      "string_list_data": [
        {
          "href": "https://www.instagram.com/_u/fatihh.koca",
          "timestamp": 1435337662
        }
      ]
    }
  ]
}