[
  {
    "title": "",
    "media_list_data": [
      
    ],
    "string_list_data": [
      {
        "href": "https://www.instagram.com/alart1975",
        "value": "alart1975",
        "timestamp": 1763023150
      }
    ]
  },
  {
    "title": "",
    "media_list_data": [
      
    ],
    "string_list_data": [
      {
        "href": "https://www.instagram.com/leo.candle.s",
        "value": "leo.candle.s",
        "timestamp": 1762712673
      }
    ]
  },
  {
    "title": "",
    "media_list_data": [
      
    ],
    "string_list_data": [
      {
        "href": "https://www.instagram.com/pt.tugceoztin",
        "value": "pt.tugceoztin",
        "timestamp": 1760468362
      }
    ]
  },
  {
    "title": "",
    "media_list_data": [
      
    ],
    "string_list_data": [
      {
        "href": "https://www.instagram.com/ecepinarkir",
        "value": "ecepinarkir",
        "timestamp": 1758711089
      }
    ]
  },
  {
    "title": "",
    "media_list_data": [
      
    ],
    "string_list_data": [
      {
        "href": "https://www.instagram.com/sinanyavuzz_",
        "value": "sinanyavuzz_",
        "timestamp": 1758711017
      }
    ]
  },
  {
    "title": "",
    "media_list_data": [
      
    ],
    "string_list_data": [
      {
        "href": "https://www.instagram.com/semill12",
        "value": "semill12",
        "timestamp": 1758479955
      }
    ]
  },
  {
    "title": "",
    "media_list_data": [
      
    ],
    "string_list_data": [
      {
        "href": "https://www.instagram.com/seyhanttopaloglu",
        "value": "seyhanttopaloglu",
        "timestamp": 1758140215
      }
    ]
  },
  {
    "title": "",
    "media_list_data": [
      
    ],
    "string_list_data": [
      {
        "href": "https://www.instagram.com/dt.yasindentalclinic",
        "value": "dt.yasindentalclinic",
        "timestamp": 1757155751
      }
    ]
  },
  {
    "title": "",
    "media_list_data": [
      
    ],
    "string_list_data": [
      {
        "href": "https://www.instagram.com/ihizgi",
        "value": "ihizgi",
        "timestamp": 1756833093
      }
    ]
  },
  {
    "title": "",
    "media_list_data": [
      
    ],
    "string_list_data": [
      {
        "href": "https://www.instagram.com/yalcinbozz",
        "value": "yalcinbozz",
        "timestamp": 1755795303
      }
    ]
  },
  {
    "title": "",
    "media_list_data": [
      
    ],
    "string_list_data": [
      {
        "href": "https://www.instagram.com/yunusbaysall",
        "value": "yunusbaysall",
        "timestamp": 1755245479
      }
    ]
  },
  {
    "title": "",
    "media_list_data": [
      
    ],
    "string_list_data": [
      {
        "href": "https://www.instagram.com/sokererenn",
        "value": "sokererenn",
        "timestamp": 1755104889
      }
    ]
  },
  {
    "title": "",
    "media_list_data": [
      
    ],
    "string_list_data": [
      {
        "href": "https://www.instagram.com/yakuppatici",
        "value": "yakuppatici",
        "timestamp": 1755029175
      }
    ]
  },
  {
    "title": "",
    "media_list_data": [
      
    ],
    "string_list_data": [
      {
        "href": "https://www.instagram.com/huseyindeniz._",
        "value": "huseyindeniz._",
        "timestamp": 1754647490
      }
    ]
  },
  {
    "title": "",
    "media_list_data": [
      
    ],
    "string_list_data": [
      {
        "href": "https://www.instagram.com/kadirtopaloglu0",
        "value": "kadirtopaloglu0",
        "timestamp": 1754647457
      }
    ]
  },
  {
    "title": "",
    "media_list_data": [
      
    ],
    "string_list_data": [
      {
        "href": "https://www.instagram.com/ddm.atalay",
        "value": "ddm.atalay",
        "timestamp": 1754481783
      }
    ]
  },
  {
    "title": "",
    "media_list_data": [
      
    ],
    "string_list_data": [
      {
        "href": "https://www.instagram.com/sefika.eker",
        "value": "sefika.eker",
        "timestamp": 1754393273
      }
    ]
  },
  {
    "title": "",
    "media_list_data": [
      
    ],
    "string_list_data": [
      {
        "href": "https://www.instagram.com/emrekaantaner",
        "value": "emrekaantaner",
        "timestamp": 1754034212
      }
    ]
  },
  {
    "title": "",
    "media_list_data": [
      
    ],
    "string_list_data": [
      {
        "href": "https://www.instagram.com/zd.pilateshouse",
        "value": "zd.pilateshouse",
        "timestamp": 1753860463
      }
    ]
  },
  {
    "title": "",
    "media_list_data": [
      
    ],
    "string_list_data": [
      {
        "href": "https://www.instagram.com/ernclk11",
        "value": "ernclk11",
        "timestamp": 1753729052
      }
    ]
  },
  {
    "title": "",
    "media_list_data": [
      
    ],
    "string_list_data": [
      {
        "href": "https://www.instagram.com/levkalade",
        "value": "levkalade",
        "timestamp": 1753710502
      }
    ]
  },
  {
    "title": "",
    "media_list_data": [
      
    ],
    "string_list_data": [
      {
        "href": "https://www.instagram.com/durmusagzikucuk",
        "value": "durmusagzikucuk",
        "timestamp": 1753271615
      }
    ]
  },
  {
    "title": "",
    "media_list_data": [
      
    ],
    "string_list_data": [
      {
        "href": "https://www.instagram.com/goktugrlr",
        "value": "goktugrlr",
        "timestamp": 1750924907
      }
    ]
  },
  {
    "title": "",
    "media_list_data": [
      
    ],
    "string_list_data": [
      {
        "href": "https://www.instagram.com/baturayduman",
        "value": "baturayduman",
        "timestamp": 1750876787
      }
    ]
  },
  {
    "title": "",
    "media_list_data": [
      
    ],
    "string_list_data": [
      {
        "href": "https://www.instagram.com/yasinkutluayy",
        "value": "yasinkutluayy",
        "timestamp": 1750876362
      }
    ]
  },
  {
    "title": "",
    "media_list_data": [
      
    ],
    "string_list_data": [
      {
        "href": "https://www.instagram.com/ahmet.atahann",
        "value": "ahmet.atahann",
        "timestamp": 1750876098
      }
    ]
  },
  {
    "title": "",
    "media_list_data": [
      
    ],
    "string_list_data": [
      {
        "href": "https://www.instagram.com/hasanalparslanfidan",
        "value": "hasanalparslanfidan",
        "timestamp": 1750876004
      }
    ]
  },
  {
    "title": "",
    "media_list_data": [
      
    ],
    "string_list_data": [
      {
        "href": "https://www.instagram.com/berky_ardy",
        "value": "berky_ardy",
        "timestamp": 1750875965
      }
    ]
  },
  {
    "title": "",
    "media_list_data": [
      
    ],
    "string_list_data": [
      {
        "href": "https://www.instagram.com/nugaysamil",
        "value": "nugaysamil",
        "timestamp": 1750875955
      }
    ]
  },
  {
    "title": "",
    "media_list_data": [
      
    ],
    "string_list_data": [
      {
        "href": "https://www.instagram.com/can.uysl1",
        "value": "can.uysl1",
        "timestamp": 1750875891
      }
    ]
  },
  {
    "title": "",
    "media_list_data": [
      
    ],
    "string_list_data": [
      {
        "href": "https://www.instagram.com/demiratabey",
        "value": "demiratabey",
        "timestamp": 1750191960
      }
    ]
  },
  {
    "title": "",
    "media_list_data": [
      
    ],
    "string_list_data": [
      {
        "href": "https://www.instagram.com/ssssevval",
        "value": "ssssevval",
        "timestamp": 1749857332
      }
    ]
  },
  {
    "title": "",
    "media_list_data": [
      
    ],
    "string_list_data": [
      {
        "href": "https://www.instagram.com/celall.bilgic",
        "value": "celall.bilgic",
        "timestamp": 1746352667
      }
    ]
  },
  {
    "title": "",
    "media_list_data": [
      
    ],
    "string_list_data": [
      {
        "href": "https://www.instagram.com/yarkinatac",
        "value": "yarkinatac",
        "timestamp": 1746012206
      }
    ]
  },
  {
    "title": "",
    "media_list_data": [
      
    ],
    "string_list_data": [
      {
        "href": "https://www.instagram.com/ceyhunsoyhan",
        "value": "ceyhunsoyhan",
        "timestamp": 1745606205
      }
    ]
  },
  {
    "title": "",
    "media_list_data": [
      
    ],
    "string_list_data": [
      {
        "href": "https://www.instagram.com/burakkapan.6",
        "value": "burakkapan.6",
        "timestamp": 1744185147
      }
    ]
  },
  {
    "title": "",
    "media_list_data": [
      
    ],
    "string_list_data": [
      {
        "href": "https://www.instagram.com/silaoynan",
        "value": "silaoynan",
        "timestamp": 1742403252
      }
    ]
  },
  {
    "title": "",
    "media_list_data": [
      
    ],
    "string_list_data": [
      {
        "href": "https://www.instagram.com/bademinpriviymis",
        "value": "bademinpriviymis",
        "timestamp": 1740377542
      }
    ]
  },
  {
    "title": "",
    "media_list_data": [
      
    ],
    "string_list_data": [
      {
        "href": "https://www.instagram.com/ozlemnurnazlioglu",
        "value": "ozlemnurnazlioglu",
        "timestamp": 1739126381
      }
    ]
  },
  {
    "title": "",
    "media_list_data": [
      
    ],
    "string_list_data": [
      {
        "href": "https://www.instagram.com/dr.erdemokur",
        "value": "dr.erdemokur",
        "timestamp": 1735049452
      }
    ]
  },
  {
    "title": "",
    "media_list_data": [
      
    ],
    "string_list_data": [
      {
        "href": "https://www.instagram.com/emirhan_toprak_",
        "value": "emirhan_toprak_",
        "timestamp": 1734164440
      }
    ]
  },
  {
    "title": "",
    "media_list_data": [
      
    ],
    "string_list_data": [
      {
        "href": "https://www.instagram.com/dogukansanli35",
        "value": "dogukansanli35",
        "timestamp": 1733664604
      }
    ]
  },
  {
    "title": "",
    "media_list_data": [
      
    ],
    "string_list_data": [
      {
        "href": "https://www.instagram.com/ucluprizke",
        "value": "ucluprizke",
        "timestamp": 1733044678
      }
    ]
  },
  {
    "title": "",
    "media_list_data": [
      
    ],
    "string_list_data": [
      {
        "href": "https://www.instagram.com/ayzerart",
        "value": "ayzerart",
        "timestamp": 1732995918
      }
    ]
  },
  {
    "title": "",
    "media_list_data": [
      
    ],
    "string_list_data": [
      {
        "href": "https://www.instagram.com/tugceoztin",
        "value": "tugceoztin",
        "timestamp": 1731530374
      }
    ]
  },
  {
    "title": "",
    "media_list_data": [
      
    ],
    "string_list_data": [
      {
        "href": "https://www.instagram.com/selimatan17",
        "value": "selimatan17",
        "timestamp": 1728152770
      }
    ]
  },
  {
    "title": "",
    "media_list_data": [
      
    ],
    "string_list_data": [
      {
        "href": "https://www.instagram.com/gizem_argn",
        "value": "gizem_argn",
        "timestamp": 1724524985
      }
    ]
  },
  {
    "title": "",
    "media_list_data": [
      
    ],
    "string_list_data": [
      {
        "href": "https://www.instagram.com/cns_smsk",
        "value": "cns_smsk",
        "timestamp": 1724502830
      }
    ]
  },
  {
    "title": "",
    "media_list_data": [
      
    ],
    "string_list_data": [
      {
        "href": "https://www.instagram.com/hasansaitogluu",
        "value": "hasansaitogluu",
        "timestamp": 1721990254
      }
    ]
  },
  {
    "title": "",
    "media_list_data": [
      
    ],
    "string_list_data": [
      {
        "href": "https://www.instagram.com/elif.doylan",
        "value": "elif.doylan",
        "timestamp": 1721893120
      }
    ]
  },
  {
    "title": "",
    "media_list_data": [
      
    ],
    "string_list_data": [
      {
        "href": "https://www.instagram.com/burak_altinpicak",
        "value": "burak_altinpicak",
        "timestamp": 1721461810
      }
    ]
  },
  {
    "title": "",
    "media_list_data": [
      
    ],
    "string_list_data": [
      {
        "href": "https://www.instagram.com/c4esar.r",
        "value": "c4esar.r",
        "timestamp": 1721240653
      }
    ]
  },
  {
    "title": "",
    "media_list_data": [
      
    ],
    "string_list_data": [
      {
        "href": "https://www.instagram.com/sevcancakmak01",
        "value": "sevcancakmak01",
        "timestamp": 1721237852
      }
    ]
  },
  {
    "title": "",
    "media_list_data": [
      
    ],
    "string_list_data": [
      {
        "href": "https://www.instagram.com/erg.esmakabadayi",
        "value": "erg.esmakabadayi",
        "timestamp": 1720797850
      }
    ]
  },
  {
    "title": "",
    "media_list_data": [
      
    ],
    "string_list_data": [
      {
        "href": "https://www.instagram.com/eliff.gunndogan",
        "value": "eliff.gunndogan",
        "timestamp": 1720534321
      }
    ]
  },
  {
    "title": "",
    "media_list_data": [
      
    ],
    "string_list_data": [
      {
        "href": "https://www.instagram.com/albayrakbartu",
        "value": "albayrakbartu",
        "timestamp": 1718106813
      }
    ]
  },
  {
    "title": "",
    "media_list_data": [
      
    ],
    "string_list_data": [
      {
        "href": "https://www.instagram.com/enverhasann",
        "value": "enverhasann",
        "timestamp": 1717751939
      }
    ]
  },
  {
    "title": "",
    "media_list_data": [
      
    ],
    "string_list_data": [
      {
        "href": "https://www.instagram.com/barkin.mercan",
        "value": "barkin.mercan",
        "timestamp": 1717740940
      }
    ]
  },
  {
    "title": "",
    "media_list_data": [
      
    ],
    "string_list_data": [
      {
        "href": "https://www.instagram.com/mathbysudee",
        "value": "mathbysudee",
        "timestamp": 1716402234
      }
    ]
  },
  {
    "title": "",
    "media_list_data": [
      
    ],
    "string_list_data": [
      {
        "href": "https://www.instagram.com/berk.guzel",
        "value": "berk.guzel",
        "timestamp": 1715803097
      }
    ]
  },
  {
    "title": "",
    "media_list_data": [
      
    ],
    "string_list_data": [
      {
        "href": "https://www.instagram.com/kadiryakinn",
        "value": "kadiryakinn",
        "timestamp": 1715477384
      }
    ]
  },
  {
    "title": "",
    "media_list_data": [
      
    ],
    "string_list_data": [
      {
        "href": "https://www.instagram.com/alialyesill",
        "value": "alialyesill",
        "timestamp": 1714574449
      }
    ]
  },
  {
    "title": "",
    "media_list_data": [
      
    ],
    "string_list_data": [
      {
        "href": "https://www.instagram.com/yusufekinnkilic",
        "value": "yusufekinnkilic",
        "timestamp": 1709365561
      }
    ]
  },
  {
    "title": "",
    "media_list_data": [
      
    ],
    "string_list_data": [
      {
        "href": "https://www.instagram.com/siillayilmaz",
        "value": "siillayilmaz",
        "timestamp": 1706810060
      }
    ]
  },
  {
    "title": "",
    "media_list_data": [
      
    ],
    "string_list_data": [
      {
        "href": "https://www.instagram.com/mr.zeren",
        "value": "mr.zeren",
        "timestamp": 1706081937
      }
    ]
  },
  {
    "title": "",
    "media_list_data": [
      
    ],
    "string_list_data": [
      {
        "href": "https://www.instagram.com/umuturklay",
        "value": "umuturklay",
        "timestamp": 1705943096
      }
    ]
  },
  {
    "title": "",
    "media_list_data": [
      
    ],
    "string_list_data": [
      {
        "href": "https://www.instagram.com/erginkoluman",
        "value": "erginkoluman",
        "timestamp": 1705870257
      }
    ]
  },
  {
    "title": "",
    "media_list_data": [
      
    ],
    "string_list_data": [
      {
        "href": "https://www.instagram.com/islimm.can",
        "value": "islimm.can",
        "timestamp": 1704632100
      }
    ]
  },
  {
    "title": "",
    "media_list_data": [
      
    ],
    "string_list_data": [
      {
        "href": "https://www.instagram.com/arda_add_",
        "value": "arda_add_",
        "timestamp": 1702624237
      }
    ]
  },
  {
    "title": "",
    "media_list_data": [
      
    ],
    "string_list_data": [
      {
        "href": "https://www.instagram.com/caganbakanoz",
        "value": "caganbakanoz",
        "timestamp": 1702215322
      }
    ]
  },
  {
    "title": "",
    "media_list_data": [
      
    ],
    "string_list_data": [
      {
        "href": "https://www.instagram.com/eray_kilic_",
        "value": "eray_kilic_",
        "timestamp": 1702193130
      }
    ]
  },
  {
    "title": "",
    "media_list_data": [
      
    ],
    "string_list_data": [
      {
        "href": "https://www.instagram.com/barkanuzun0",
        "value": "barkanuzun0",
        "timestamp": 1701194030
      }
    ]
  },
  {
    "title": "",
    "media_list_data": [
      
    ],
    "string_list_data": [
      {
        "href": "https://www.instagram.com/hamtareq",
        "value": "hamtareq",
        "timestamp": 1700928775
      }
    ]
  },
  {
    "title": "",
    "media_list_data": [
      
    ],
    "string_list_data": [
      {
        "href": "https://www.instagram.com/dilavurl",
        "value": "dilavurl",
        "timestamp": 1698917305
      }
    ]
  },
  {
    "title": "",
    "media_list_data": [
      
    ],
    "string_list_data": [
      {
        "href": "https://www.instagram.com/oguztavur",
        "value": "oguztavur",
        "timestamp": 1693336844
      }
    ]
  },
  {
    "title": "",
    "media_list_data": [
      
    ],
    "string_list_data": [
      {
        "href": "https://www.instagram.com/jonathanmcrowell",
        "value": "jonathanmcrowell",
        "timestamp": 1691742937
      }
    ]
  },
  {
    "title": "",
    "media_list_data": [
      
    ],
    "string_list_data": [
      {
        "href": "https://www.instagram.com/a.sukrutaskiran",
        "value": "a.sukrutaskiran",
        "timestamp": 1691699762
      }
    ]
  },
  {
    "title": "",
    "media_list_data": [
      
    ],
    "string_list_data": [
      {
        "href": "https://www.instagram.com/raufsaracli",
        "value": "raufsaracli",
        "timestamp": 1691590208
      }
    ]
  },
  {
    "title": "",
    "media_list_data": [
      
    ],
    "string_list_data": [
      {
        "href": "https://www.instagram.com/doguhanarilik",
        "value": "doguhanarilik",
        "timestamp": 1690651951
      }
    ]
  },
  {
    "title": "",
    "media_list_data": [
      
    ],
    "string_list_data": [
      {
        "href": "https://www.instagram.com/alpykoca",
        "value": "alpykoca",
        "timestamp": 1690208356
      }
    ]
  },
  {
    "title": "",
    "media_list_data": [
      
    ],
    "string_list_data": [
      {
        "href": "https://www.instagram.com/cbaytekin_",
        "value": "cbaytekin_",
        "timestamp": 1689114159
      }
    ]
  },
  {
    "title": "",
    "media_list_data": [
      
    ],
    "string_list_data": [
      {
        "href": "https://www.instagram.com/ozkansari0",
        "value": "ozkansari0",
        "timestamp": 1689114154
      }
    ]
  },
  {
    "title": "",
    "media_list_data": [
      
    ],
    "string_list_data": [
      {
        "href": "https://www.instagram.com/yesil.sinem",
        "value": "yesil.sinem",
        "timestamp": 1686257363
      }
    ]
  },
  {
    "title": "",
    "media_list_data": [
      
    ],
    "string_list_data": [
      {
        "href": "https://www.instagram.com/unluyigitt",
        "value": "unluyigitt",
        "timestamp": 1684523351
      }
    ]
  },
  {
    "title": "",
    "media_list_data": [
      
    ],
    "string_list_data": [
      {
        "href": "https://www.instagram.com/bedirhanasarr06",
        "value": "bedirhanasarr06",
        "timestamp": 1683809038
      }
    ]
  },
  {
    "title": "",
    "media_list_data": [
      
    ],
    "string_list_data": [
      {
        "href": "https://www.instagram.com/ersyoozer",
        "value": "ersyoozer",
        "timestamp": 1679945849
      }
    ]
  },
  {
    "title": "",
    "media_list_data": [
      
    ],
    "string_list_data": [
      {
        "href": "https://www.instagram.com/nazli.kesenn",
        "value": "nazli.kesenn",
        "timestamp": 1679591838
      }
    ]
  },
  {
    "title": "",
    "media_list_data": [
      
    ],
    "string_list_data": [
      {
        "href": "https://www.instagram.com/chefburki",
        "value": "chefburki",
        "timestamp": 1678464041
      }
    ]
  },
  {
    "title": "",
    "media_list_data": [
      
    ],
    "string_list_data": [
      {
        "href": "https://www.instagram.com/bilgenurduverr",
        "value": "bilgenurduverr",
        "timestamp": 1678370082
      }
    ]
  },
  {
    "title": "",
    "media_list_data": [
      
    ],
    "string_list_data": [
      {
        "href": "https://www.instagram.com/dogukanozenir",
        "value": "dogukanozenir",
        "timestamp": 1677620898
      }
    ]
  },
  {
    "title": "",
    "media_list_data": [
      
    ],
    "string_list_data": [
      {
        "href": "https://www.instagram.com/serayyilhan",
        "value": "serayyilhan",
        "timestamp": 1676720628
      }
    ]
  },
  {
    "title": "",
    "media_list_data": [
      
    ],
    "string_list_data": [
      {
        "href": "https://www.instagram.com/ayccakahraman",
        "value": "ayccakahraman",
        "timestamp": 1673970101
      }
    ]
  },
  {
    "title": "",
    "media_list_data": [
      
    ],
    "string_list_data": [
      {
        "href": "https://www.instagram.com/hasanefednc",
        "value": "hasanefednc",
        "timestamp": 1672257744
      }
    ]
  },
  {
    "title": "",
    "media_list_data": [
      
    ],
    "string_list_data": [
      {
        "href": "https://www.instagram.com/yusufekinkilic",
        "value": "yusufekinkilic",
        "timestamp": 1671957509
      }
    ]
  },
  {
    "title": "",
    "media_list_data": [
      
    ],
    "string_list_data": [
      {
        "href": "https://www.instagram.com/baranarkn",
        "value": "baranarkn",
        "timestamp": 1671792532
      }
    ]
  },
  {
    "title": "",
    "media_list_data": [
      
    ],
    "string_list_data": [
      {
        "href": "https://www.instagram.com/omerbeyazkz",
        "value": "omerbeyazkz",
        "timestamp": 1671745823
      }
    ]
  },
  {
    "title": "",
    "media_list_data": [
      
    ],
    "string_list_data": [
      {
        "href": "https://www.instagram.com/ibozeg",
        "value": "ibozeg",
        "timestamp": 1671713521
      }
    ]
  },
  {
    "title": "",
    "media_list_data": [
      
    ],
    "string_list_data": [
      {
        "href": "https://www.instagram.com/a_ctnkaya",
        "value": "a_ctnkaya",
        "timestamp": 1671121278
      }
    ]
  },
  {
    "title": "",
    "media_list_data": [
      
    ],
    "string_list_data": [
      {
        "href": "https://www.instagram.com/sukrukaantetik",
        "value": "sukrukaantetik",
        "timestamp": 1670690452
      }
    ]
  },
  {
    "title": "",
    "media_list_data": [
      
    ],
    "string_list_data": [
      {
        "href": "https://www.instagram.com/kagankaca",
        "value": "kagankaca",
        "timestamp": 1670439655
      }
    ]
  },
  {
    "title": "",
    "media_list_data": [
      
    ],
    "string_list_data": [
      {
        "href": "https://www.instagram.com/cangedik12",
        "value": "cangedik12",
        "timestamp": 1669425543
      }
    ]
  },
  {
    "title": "",
    "media_list_data": [
      
    ],
    "string_list_data": [
      {
        "href": "https://www.instagram.com/ege.dnizz",
        "value": "ege.dnizz",
        "timestamp": 1669411607
      }
    ]
  },
  {
    "title": "",
    "media_list_data": [
      
    ],
    "string_list_data": [
      {
        "href": "https://www.instagram.com/t.ozmergen",
        "value": "t.ozmergen",
        "timestamp": 1668939017
      }
    ]
  },
  {
    "title": "",
    "media_list_data": [
      
    ],
    "string_list_data": [
      {
        "href": "https://www.instagram.com/melikeilhnnn",
        "value": "melikeilhnnn",
        "timestamp": 1668755273
      }
    ]
  },
  {
    "title": "",
    "media_list_data": [
      
    ],
    "string_list_data": [
      {
        "href": "https://www.instagram.com/topdaskadir",
        "value": "topdaskadir",
        "timestamp": 1668275321
      }
    ]
  },
  {
    "title": "",
    "media_list_data": [
      
    ],
    "string_list_data": [
      {
        "href": "https://www.instagram.com/murat.vrmz",
        "value": "murat.vrmz",
        "timestamp": 1668094162
      }
    ]
  },
  {
    "title": "",
    "media_list_data": [
      
    ],
    "string_list_data": [
      {
        "href": "https://www.instagram.com/_gozdekahraman_",
        "value": "_gozdekahraman_",
        "timestamp": 1667980411
      }
    ]
  },
  {
    "title": "",
    "media_list_data": [
      
    ],
    "string_list_data": [
      {
        "href": "https://www.instagram.com/d.yurt7",
        "value": "d.yurt7",
        "timestamp": 1666454592
      }
    ]
  },
  {
    "title": "",
    "media_list_data": [
      
    ],
    "string_list_data": [
      {
        "href": "https://www.instagram.com/miraaysolmz",
        "value": "miraaysolmz",
        "timestamp": 1665991338
      }
    ]
  },
  {
    "title": "",
    "media_list_data": [
      
    ],
    "string_list_data": [
      {
        "href": "https://www.instagram.com/unal.karadayi",
        "value": "unal.karadayi",
        "timestamp": 1665649262
      }
    ]
  },
  {
    "title": "",
    "media_list_data": [
      
    ],
    "string_list_data": [
      {
        "href": "https://www.instagram.com/ala_tayfa",
        "value": "ala_tayfa",
        "timestamp": 1663703697
      }
    ]
  },
  {
    "title": "",
    "media_list_data": [
      
    ],
    "string_list_data": [
      {
        "href": "https://www.instagram.com/eylsevimm",
        "value": "eylsevimm",
        "timestamp": 1663518372
      }
    ]
  },
  {
    "title": "",
    "media_list_data": [
      
    ],
    "string_list_data": [
      {
        "href": "https://www.instagram.com/ahmetburak10line",
        "value": "ahmetburak10line",
        "timestamp": 1660983605
      }
    ]
  },
  {
    "title": "",
    "media_list_data": [
      
    ],
    "string_list_data": [
      {
        "href": "https://www.instagram.com/berffortac",
        "value": "berffortac",
        "timestamp": 1660983566
      }
    ]
  },
  {
    "title": "",
    "media_list_data": [
      
    ],
    "string_list_data": [
      {
        "href": "https://www.instagram.com/seyraandemir",
        "value": "seyraandemir",
        "timestamp": 1659019426
      }
    ]
  },
  {
    "title": "",
    "media_list_data": [
      
    ],
    "string_list_data": [
      {
        "href": "https://www.instagram.com/beyzamuttllu",
        "value": "beyzamuttllu",
        "timestamp": 1656082473
      }
    ]
  },
  {
    "title": "",
    "media_list_data": [
      
    ],
    "string_list_data": [
      {
        "href": "https://www.instagram.com/ltrashlx",
        "value": "ltrashlx",
        "timestamp": 1655540498
      }
    ]
  },
  {
    "title": "",
    "media_list_data": [
      
    ],
    "string_list_data": [
      {
        "href": "https://www.instagram.com/mels_abas",
        "value": "mels_abas",
        "timestamp": 1655205819
      }
    ]
  },
  {
    "title": "",
    "media_list_data": [
      
    ],
    "string_list_data": [
      {
        "href": "https://www.instagram.com/fatmaaoflazz",
        "value": "fatmaaoflazz",
        "timestamp": 1654027926
      }
    ]
  },
  {
    "title": "",
    "media_list_data": [
      
    ],
    "string_list_data": [
      {
        "href": "https://www.instagram.com/osmankarlolu",
        "value": "osmankarlolu",
        "timestamp": 1652038467
      }
    ]
  },
  {
    "title": "",
    "media_list_data": [
      
    ],
    "string_list_data": [
      {
        "href": "https://www.instagram.com/erenntpcu",
        "value": "erenntpcu",
        "timestamp": 1651671176
      }
    ]
  },
  {
    "title": "",
    "media_list_data": [
      
    ],
    "string_list_data": [
      {
        "href": "https://www.instagram.com/okantangur",
        "value": "okantangur",
        "timestamp": 1651264102
      }
    ]
  },
  {
    "title": "",
    "media_list_data": [
      
    ],
    "string_list_data": [
      {
        "href": "https://www.instagram.com/batuhannesenturk",
        "value": "batuhannesenturk",
        "timestamp": 1650012469
      }
    ]
  },
  {
    "title": "",
    "media_list_data": [
      
    ],
    "string_list_data": [
      {
        "href": "https://www.instagram.com/cezikyaren",
        "value": "cezikyaren",
        "timestamp": 1649524836
      }
    ]
  },
  {
    "title": "",
    "media_list_data": [
      
    ],
    "string_list_data": [
      {
        "href": "https://www.instagram.com/_duygumsu",
        "value": "_duygumsu",
        "timestamp": 1648539622
      }
    ]
  },
  {
    "title": "",
    "media_list_data": [
      
    ],
    "string_list_data": [
      {
        "href": "https://www.instagram.com/selos.diary",
        "value": "selos.diary",
        "timestamp": 1647784444
      }
    ]
  },
  {
    "title": "",
    "media_list_data": [
      
    ],
    "string_list_data": [
      {
        "href": "https://www.instagram.com/defne.kes",
        "value": "defne.kes",
        "timestamp": 1647383996
      }
    ]
  },
  {
    "title": "",
    "media_list_data": [
      
    ],
    "string_list_data": [
      {
        "href": "https://www.instagram.com/_yarenczk",
        "value": "_yarenczk",
        "timestamp": 1647327321
      }
    ]
  },
  {
    "title": "",
    "media_list_data": [
      
    ],
    "string_list_data": [
      {
        "href": "https://www.instagram.com/sudeegblog",
        "value": "sudeegblog",
        "timestamp": 1647039115
      }
    ]
  },
  {
    "title": "",
    "media_list_data": [
      
    ],
    "string_list_data": [
      {
        "href": "https://www.instagram.com/birtankaan",
        "value": "birtankaan",
        "timestamp": 1646417820
      }
    ]
  },
  {
    "title": "",
    "media_list_data": [
      
    ],
    "string_list_data": [
      {
        "href": "https://www.instagram.com/furkan_marifoglu",
        "value": "furkan_marifoglu",
        "timestamp": 1646329034
      }
    ]
  },
  {
    "title": "",
    "media_list_data": [
      
    ],
    "string_list_data": [
      {
        "href": "https://www.instagram.com/mevsimdogakanar",
        "value": "mevsimdogakanar",
        "timestamp": 1645799351
      }
    ]
  },
  {
    "title": "",
    "media_list_data": [
      
    ],
    "string_list_data": [
      {
        "href": "https://www.instagram.com/diloskokos",
        "value": "diloskokos",
        "timestamp": 1645557584
      }
    ]
  },
  {
    "title": "",
    "media_list_data": [
      
    ],
    "string_list_data": [
      {
        "href": "https://www.instagram.com/ilaydakaptan",
        "value": "ilaydakaptan",
        "timestamp": 1645529820
      }
    ]
  },
  {
    "title": "",
    "media_list_data": [
      
    ],
    "string_list_data": [
      {
        "href": "https://www.instagram.com/zeynepunnaall",
        "value": "zeynepunnaall",
        "timestamp": 1644518391
      }
    ]
  },
  {
    "title": "",
    "media_list_data": [
      
    ],
    "string_list_data": [
      {
        "href": "https://www.instagram.com/ieugezietkinlik.co",
        "value": "ieugezietkinlik.co",
        "timestamp": 1644226871
      }
    ]
  },
  {
    "title": "",
    "media_list_data": [
      
    ],
    "string_list_data": [
      {
        "href": "https://www.instagram.com/fanimsinizsanirims",
        "value": "fanimsinizsanirims",
        "timestamp": 1643721049
      }
    ]
  },
  {
    "title": "",
    "media_list_data": [
      
    ],
    "string_list_data": [
      {
        "href": "https://www.instagram.com/koray_cengiz_",
        "value": "koray_cengiz_",
        "timestamp": 1642363481
      }
    ]
  },
  {
    "title": "",
    "media_list_data": [
      
    ],
    "string_list_data": [
      {
        "href": "https://www.instagram.com/gulendeturaa",
        "value": "gulendeturaa",
        "timestamp": 1641492193
      }
    ]
  },
  {
    "title": "",
    "media_list_data": [
      
    ],
    "string_list_data": [
      {
        "href": "https://www.instagram.com/yagmurcanp",
        "value": "yagmurcanp",
        "timestamp": 1640444024
      }
    ]
  },
  {
    "title": "",
    "media_list_data": [
      
    ],
    "string_list_data": [
      {
        "href": "https://www.instagram.com/meric_ackgoz",
        "value": "meric_ackgoz",
        "timestamp": 1640252346
      }
    ]
  },
  {
    "title": "",
    "media_list_data": [
      
    ],
    "string_list_data": [
      {
        "href": "https://www.instagram.com/den7zcan",
        "value": "den7zcan",
        "timestamp": 1640067033
      }
    ]
  },
  {
    "title": "",
    "media_list_data": [
      
    ],
    "string_list_data": [
      {
        "href": "https://www.instagram.com/gzmulusoy",
        "value": "gzmulusoy",
        "timestamp": 1639511800
      }
    ]
  },
  {
    "title": "",
    "media_list_data": [
      
    ],
    "string_list_data": [
      {
        "href": "https://www.instagram.com/derinbuldanli",
        "value": "derinbuldanli",
        "timestamp": 1639494031
      }
    ]
  },
  {
    "title": "",
    "media_list_data": [
      
    ],
    "string_list_data": [
      {
        "href": "https://www.instagram.com/nehirunal",
        "value": "nehirunal",
        "timestamp": 1639486768
      }
    ]
  },
  {
    "title": "",
    "media_list_data": [
      
    ],
    "string_list_data": [
      {
        "href": "https://www.instagram.com/harunonr_",
        "value": "harunonr_",
        "timestamp": 1638994133
      }
    ]
  },
  {
    "title": "",
    "media_list_data": [
      
    ],
    "string_list_data": [
      {
        "href": "https://www.instagram.com/ilkayy_ozk02",
        "value": "ilkayy_ozk02",
        "timestamp": 1638974594
      }
    ]
  },
  {
    "title": "",
    "media_list_data": [
      
    ],
    "string_list_data": [
      {
        "href": "https://www.instagram.com/abrkgullu",
        "value": "abrkgullu",
        "timestamp": 1638021695
      }
    ]
  },
  {
    "title": "",
    "media_list_data": [
      
    ],
    "string_list_data": [
      {
        "href": "https://www.instagram.com/selinnkayaalp__",
        "value": "selinnkayaalp__",
        "timestamp": 1636698302
      }
    ]
  },
  {
    "title": "",
    "media_list_data": [
      
    ],
    "string_list_data": [
      {
        "href": "https://www.instagram.com/berke_isik1",
        "value": "berke_isik1",
        "timestamp": 1635667995
      }
    ]
  },
  {
    "title": "",
    "media_list_data": [
      
    ],
    "string_list_data": [
      {
        "href": "https://www.instagram.com/burakssengull",
        "value": "burakssengull",
        "timestamp": 1634663659
      }
    ]
  },
  {
    "title": "",
    "media_list_data": [
      
    ],
    "string_list_data": [
      {
        "href": "https://www.instagram.com/badebakk",
        "value": "badebakk",
        "timestamp": 1634628255
      }
    ]
  },
  {
    "title": "",
    "media_list_data": [
      
    ],
    "string_list_data": [
      {
        "href": "https://www.instagram.com/belizyazicii",
        "value": "belizyazicii",
        "timestamp": 1634155238
      }
    ]
  },
  {
    "title": "",
    "media_list_data": [
      
    ],
    "string_list_data": [
      {
        "href": "https://www.instagram.com/_thaclk05_",
        "value": "_thaclk05_",
        "timestamp": 1633713013
      }
    ]
  },
  {
    "title": "",
    "media_list_data": [
      
    ],
    "string_list_data": [
      {
        "href": "https://www.instagram.com/yaren_tysz",
        "value": "yaren_tysz",
        "timestamp": 1633195740
      }
    ]
  },
  {
    "title": "",
    "media_list_data": [
      
    ],
    "string_list_data": [
      {
        "href": "https://www.instagram.com/yavuzhanzrn",
        "value": "yavuzhanzrn",
        "timestamp": 1632917204
      }
    ]
  },
  {
    "title": "",
    "media_list_data": [
      
    ],
    "string_list_data": [
      {
        "href": "https://www.instagram.com/berkeakdnz",
        "value": "berkeakdnz",
        "timestamp": 1632690215
      }
    ]
  },
  {
    "title": "",
    "media_list_data": [
      
    ],
    "string_list_data": [
      {
        "href": "https://www.instagram.com/yclkckcrkn",
        "value": "yclkckcrkn",
        "timestamp": 1632600839
      }
    ]
  },
  {
    "title": "",
    "media_list_data": [
      
    ],
    "string_list_data": [
      {
        "href": "https://www.instagram.com/muhammettorcann",
        "value": "muhammettorcann",
        "timestamp": 1631864606
      }
    ]
  },
  {
    "title": "",
    "media_list_data": [
      
    ],
    "string_list_data": [
      {
        "href": "https://www.instagram.com/alierenaytekin",
        "value": "alierenaytekin",
        "timestamp": 1631797924
      }
    ]
  },
  {
    "title": "",
    "media_list_data": [
      
    ],
    "string_list_data": [
      {
        "href": "https://www.instagram.com/iremsphh",
        "value": "iremsphh",
        "timestamp": 1631558961
      }
    ]
  },
  {
    "title": "",
    "media_list_data": [
      
    ],
    "string_list_data": [
      {
        "href": "https://www.instagram.com/arzuna84",
        "value": "arzuna84",
        "timestamp": 1630395299
      }
    ]
  },
  {
    "title": "",
    "media_list_data": [
      
    ],
    "string_list_data": [
      {
        "href": "https://www.instagram.com/sude.kkaraa",
        "value": "sude.kkaraa",
        "timestamp": 1628364587
      }
    ]
  },
  {
    "title": "",
    "media_list_data": [
      
    ],
    "string_list_data": [
      {
        "href": "https://www.instagram.com/heisenbork_",
        "value": "heisenbork_",
        "timestamp": 1628346419
      }
    ]
  },
  {
    "title": "",
    "media_list_data": [
      
    ],
    "string_list_data": [
      {
        "href": "https://www.instagram.com/ffurkansezer",
        "value": "ffurkansezer",
        "timestamp": 1627854837
      }
    ]
  },
  {
    "title": "",
    "media_list_data": [
      
    ],
    "string_list_data": [
      {
        "href": "https://www.instagram.com/berkankiran",
        "value": "berkankiran",
        "timestamp": 1627065490
      }
    ]
  },
  {
    "title": "",
    "media_list_data": [
      
    ],
    "string_list_data": [
      {
        "href": "https://www.instagram.com/eyp_bdr",
        "value": "eyp_bdr",
        "timestamp": 1626901820
      }
    ]
  },
  {
    "title": "",
    "media_list_data": [
      
    ],
    "string_list_data": [
      {
        "href": "https://www.instagram.com/alperendalkir",
        "value": "alperendalkir",
        "timestamp": 1626085439
      }
    ]
  },
  {
    "title": "",
    "media_list_data": [
      
    ],
    "string_list_data": [
      {
        "href": "https://www.instagram.com/benozgurburgac",
        "value": "benozgurburgac",
        "timestamp": 1625592173
      }
    ]
  },
  {
    "title": "",
    "media_list_data": [
      
    ],
    "string_list_data": [
      {
        "href": "https://www.instagram.com/leventlatasever",
        "value": "leventlatasever",
        "timestamp": 1625253654
      }
    ]
  },
  {
    "title": "",
    "media_list_data": [
      
    ],
    "string_list_data": [
      {
        "href": "https://www.instagram.com/sakalgoktug",
        "value": "sakalgoktug",
        "timestamp": 1625237010
      }
    ]
  },
  {
    "title": "",
    "media_list_data": [
      
    ],
    "string_list_data": [
      {
        "href": "https://www.instagram.com/mezrelimehmetali",
        "value": "mezrelimehmetali",
        "timestamp": 1625075253
      }
    ]
  },
  {
    "title": "",
    "media_list_data": [
      
    ],
    "string_list_data": [
      {
        "href": "https://www.instagram.com/esr.demir1",
        "value": "esr.demir1",
        "timestamp": 1624959483
      }
    ]
  },
  {
    "title": "",
    "media_list_data": [
      
    ],
    "string_list_data": [
      {
        "href": "https://www.instagram.com/ayseyarenkeskiin",
        "value": "ayseyarenkeskiin",
        "timestamp": 1624811483
      }
    ]
  },
  {
    "title": "",
    "media_list_data": [
      
    ],
    "string_list_data": [
      {
        "href": "https://www.instagram.com/arda.uysal",
        "value": "arda.uysal",
        "timestamp": 1624125222
      }
    ]
  },
  {
    "title": "",
    "media_list_data": [
      
    ],
    "string_list_data": [
      {
        "href": "https://www.instagram.com/dogaaklccc",
        "value": "dogaaklccc",
        "timestamp": 1622911743
      }
    ]
  },
  {
    "title": "",
    "media_list_data": [
      
    ],
    "string_list_data": [
      {
        "href": "https://www.instagram.com/pelinozen11",
        "value": "pelinozen11",
        "timestamp": 1622460506
      }
    ]
  },
  {
    "title": "",
    "media_list_data": [
      
    ],
    "string_list_data": [
      {
        "href": "https://www.instagram.com/erendalkir01",
        "value": "erendalkir01",
        "timestamp": 1621110157
      }
    ]
  },
  {
    "title": "",
    "media_list_data": [
      
    ],
    "string_list_data": [
      {
        "href": "https://www.instagram.com/furkannmelekoglu",
        "value": "furkannmelekoglu",
        "timestamp": 1620482394
      }
    ]
  },
  {
    "title": "",
    "media_list_data": [
      
    ],
    "string_list_data": [
      {
        "href": "https://www.instagram.com/batuhannyucel",
        "value": "batuhannyucel",
        "timestamp": 1619352563
      }
    ]
  },
  {
    "title": "",
    "media_list_data": [
      
    ],
    "string_list_data": [
      {
        "href": "https://www.instagram.com/gizemusbahali",
        "value": "gizemusbahali",
        "timestamp": 1619039232
      }
    ]
  },
  {
    "title": "",
    "media_list_data": [
      
    ],
    "string_list_data": [
      {
        "href": "https://www.instagram.com/ozlem.esginus",
        "value": "ozlem.esginus",
        "timestamp": 1617473490
      }
    ]
  },
  {
    "title": "",
    "media_list_data": [
      
    ],
    "string_list_data": [
      {
        "href": "https://www.instagram.com/omerkilinncc",
        "value": "omerkilinncc",
        "timestamp": 1615571490
      }
    ]
  },
  {
    "title": "",
    "media_list_data": [
      
    ],
    "string_list_data": [
      {
        "href": "https://www.instagram.com/aselcukdegirmen",
        "value": "aselcukdegirmen",
        "timestamp": 1615130832
      }
    ]
  },
  {
    "title": "",
    "media_list_data": [
      
    ],
    "string_list_data": [
      {
        "href": "https://www.instagram.com/eylulssezen",
        "value": "eylulssezen",
        "timestamp": 1615130763
      }
    ]
  },
  {
    "title": "",
    "media_list_data": [
      
    ],
    "string_list_data": [
      {
        "href": "https://www.instagram.com/berfinnavruz",
        "value": "berfinnavruz",
        "timestamp": 1612890060
      }
    ]
  },
  {
    "title": "",
    "media_list_data": [
      
    ],
    "string_list_data": [
      {
        "href": "https://www.instagram.com/melihyelmi",
        "value": "melihyelmi",
        "timestamp": 1612889504
      }
    ]
  },
  {
    "title": "",
    "media_list_data": [
      
    ],
    "string_list_data": [
      {
        "href": "https://www.instagram.com/emrebatuhank",
        "value": "emrebatuhank",
        "timestamp": 1612364798
      }
    ]
  },
  {
    "title": "",
    "media_list_data": [
      
    ],
    "string_list_data": [
      {
        "href": "https://www.instagram.com/selimemre_yildirim",
        "value": "selimemre_yildirim",
        "timestamp": 1611865617
      }
    ]
  },
  {
    "title": "",
    "media_list_data": [
      
    ],
    "string_list_data": [
      {
        "href": "https://www.instagram.com/meltemsrts_",
        "value": "meltemsrts_",
        "timestamp": 1611318378
      }
    ]
  },
  {
    "title": "",
    "media_list_data": [
      
    ],
    "string_list_data": [
      {
        "href": "https://www.instagram.com/cemresenozz",
        "value": "cemresenozz",
        "timestamp": 1611296331
      }
    ]
  },
  {
    "title": "",
    "media_list_data": [
      
    ],
    "string_list_data": [
      {
        "href": "https://www.instagram.com/nisakorkun",
        "value": "nisakorkun",
        "timestamp": 1610565964
      }
    ]
  },
  {
    "title": "",
    "media_list_data": [
      
    ],
    "string_list_data": [
      {
        "href": "https://www.instagram.com/akdamartutoring",
        "value": "akdamartutoring",
        "timestamp": 1607803546
      }
    ]
  },
  {
    "title": "",
    "media_list_data": [
      
    ],
    "string_list_data": [
      {
        "href": "https://www.instagram.com/emirrsenel",
        "value": "emirrsenel",
        "timestamp": 1607770147
      }
    ]
  },
  {
    "title": "",
    "media_list_data": [
      
    ],
    "string_list_data": [
      {
        "href": "https://www.instagram.com/av.bilalmuratuludag",
        "value": "av.bilalmuratuludag",
        "timestamp": 1607720247
      }
    ]
  },
  {
    "title": "",
    "media_list_data": [
      
    ],
    "string_list_data": [
      {
        "href": "https://www.instagram.com/umutoztaas",
        "value": "umutoztaas",
        "timestamp": 1606162497
      }
    ]
  },
  {
    "title": "",
    "media_list_data": [
      
    ],
    "string_list_data": [
      {
        "href": "https://www.instagram.com/beyza_gkdemir",
        "value": "beyza_gkdemir",
        "timestamp": 1605038739
      }
    ]
  },
  {
    "title": "",
    "media_list_data": [
      
    ],
    "string_list_data": [
      {
        "href": "https://www.instagram.com/mustafakrsd",
        "value": "mustafakrsd",
        "timestamp": 1605022748
      }
    ]
  },
  {
    "title": "",
    "media_list_data": [
      
    ],
    "string_list_data": [
      {
        "href": "https://www.instagram.com/defne.agar",
        "value": "defne.agar",
        "timestamp": 1604385840
      }
    ]
  },
  {
    "title": "",
    "media_list_data": [
      
    ],
    "string_list_data": [
      {
        "href": "https://www.instagram.com/ugurbarisb",
        "value": "ugurbarisb",
        "timestamp": 1601542665
      }
    ]
  },
  {
    "title": "",
    "media_list_data": [
      
    ],
    "string_list_data": [
      {
        "href": "https://www.instagram.com/kaancelik0",
        "value": "kaancelik0",
        "timestamp": 1601226528
      }
    ]
  },
  {
    "title": "",
    "media_list_data": [
      
    ],
    "string_list_data": [
      {
        "href": "https://www.instagram.com/emiruzelbakir",
        "value": "emiruzelbakir",
        "timestamp": 1599835025
      }
    ]
  },
  {
    "title": "",
    "media_list_data": [
      
    ],
    "string_list_data": [
      {
        "href": "https://www.instagram.com/aycatas01",
        "value": "aycatas01",
        "timestamp": 1598816549
      }
    ]
  },
  {
    "title": "",
    "media_list_data": [
      
    ],
    "string_list_data": [
      {
        "href": "https://www.instagram.com/deniiz_eroglu",
        "value": "deniiz_eroglu",
        "timestamp": 1597492712
      }
    ]
  },
  {
    "title": "",
    "media_list_data": [
      
    ],
    "string_list_data": [
      {
        "href": "https://www.instagram.com/kadri.kolaci",
        "value": "kadri.kolaci",
        "timestamp": 1597396203
      }
    ]
  },
  {
    "title": "",
    "media_list_data": [
      
    ],
    "string_list_data": [
      {
        "href": "https://www.instagram.com/hsudedogan",
        "value": "hsudedogan",
        "timestamp": 1596915782
      }
    ]
  },
  {
    "title": "",
    "media_list_data": [
      
    ],
    "string_list_data": [
      {
        "href": "https://www.instagram.com/slaacolaak",
        "value": "slaacolaak",
        "timestamp": 1596534274
      }
    ]
  },
  {
    "title": "",
    "media_list_data": [
      
    ],
    "string_list_data": [
      {
        "href": "https://www.instagram.com/rmrtpmk",
        "value": "rmrtpmk",
        "timestamp": 1595581356
      }
    ]
  },
  {
    "title": "",
    "media_list_data": [
      
    ],
    "string_list_data": [
      {
        "href": "https://www.instagram.com/nihalguleek",
        "value": "nihalguleek",
        "timestamp": 1595092181
      }
    ]
  },
  {
    "title": "",
    "media_list_data": [
      
    ],
    "string_list_data": [
      {
        "href": "https://www.instagram.com/bilgehanduver",
        "value": "bilgehanduver",
        "timestamp": 1594893694
      }
    ]
  },
  {
    "title": "",
    "media_list_data": [
      
    ],
    "string_list_data": [
      {
        "href": "https://www.instagram.com/yigittnan",
        "value": "yigittnan",
        "timestamp": 1594236523
      }
    ]
  },
  {
    "title": "",
    "media_list_data": [
      
    ],
    "string_list_data": [
      {
        "href": "https://www.instagram.com/servetkst",
        "value": "servetkst",
        "timestamp": 1594206437
      }
    ]
  },
  {
    "title": "",
    "media_list_data": [
      
    ],
    "string_list_data": [
      {
        "href": "https://www.instagram.com/helinnergican",
        "value": "helinnergican",
        "timestamp": 1593876094
      }
    ]
  },
  {
    "title": "",
    "media_list_data": [
      
    ],
    "string_list_data": [
      {
        "href": "https://www.instagram.com/elifozenlii",
        "value": "elifozenlii",
        "timestamp": 1593676545
      }
    ]
  },
  {
    "title": "",
    "media_list_data": [
      
    ],
    "string_list_data": [
      {
        "href": "https://www.instagram.com/canselrimed",
        "value": "canselrimed",
        "timestamp": 1591996998
      }
    ]
  },
  {
    "title": "",
    "media_list_data": [
      
    ],
    "string_list_data": [
      {
        "href": "https://www.instagram.com/sudeeguloglugil",
        "value": "sudeeguloglugil",
        "timestamp": 1589011005
      }
    ]
  },
  {
    "title": "",
    "media_list_data": [
      
    ],
    "string_list_data": [
      {
        "href": "https://www.instagram.com/kubraalak98",
        "value": "kubraalak98",
        "timestamp": 1588067701
      }
    ]
  },
  {
    "title": "",
    "media_list_data": [
      
    ],
    "string_list_data": [
      {
        "href": "https://www.instagram.com/haycespriv",
        "value": "haycespriv",
        "timestamp": 1587054432
      }
    ]
  },
  {
    "title": "",
    "media_list_data": [
      
    ],
    "string_list_data": [
      {
        "href": "https://www.instagram.com/alaforum",
        "value": "alaforum",
        "timestamp": 1587019639
      }
    ]
  },
  {
    "title": "",
    "media_list_data": [
      
    ],
    "string_list_data": [
      {
        "href": "https://www.instagram.com/nefiseciftci01",
        "value": "nefiseciftci01",
        "timestamp": 1587019613
      }
    ]
  },
  {
    "title": "",
    "media_list_data": [
      
    ],
    "string_list_data": [
      {
        "href": "https://www.instagram.com/asiretigulek",
        "value": "asiretigulek",
        "timestamp": 1586548650
      }
    ]
  },
  {
    "title": "",
    "media_list_data": [
      
    ],
    "string_list_data": [
      {
        "href": "https://www.instagram.com/lovebeautybydidar",
        "value": "lovebeautybydidar",
        "timestamp": 1585726706
      }
    ]
  },
  {
    "title": "",
    "media_list_data": [
      
    ],
    "string_list_data": [
      {
        "href": "https://www.instagram.com/didaaraktas",
        "value": "didaaraktas",
        "timestamp": 1584960599
      }
    ]
  },
  {
    "title": "",
    "media_list_data": [
      
    ],
    "string_list_data": [
      {
        "href": "https://www.instagram.com/omerkkocahan",
        "value": "omerkkocahan",
        "timestamp": 1582401012
      }
    ]
  },
  {
    "title": "",
    "media_list_data": [
      
    ],
    "string_list_data": [
      {
        "href": "https://www.instagram.com/berkayder12",
        "value": "berkayder12",
        "timestamp": 1581340698
      }
    ]
  },
  {
    "title": "",
    "media_list_data": [
      
    ],
    "string_list_data": [
      {
        "href": "https://www.instagram.com/usii.i",
        "value": "usii.i",
        "timestamp": 1580844943
      }
    ]
  },
  {
    "title": "",
    "media_list_data": [
      
    ],
    "string_list_data": [
      {
        "href": "https://www.instagram.com/mazlum.kya",
        "value": "mazlum.kya",
        "timestamp": 1578215912
      }
    ]
  },
  {
    "title": "",
    "media_list_data": [
      
    ],
    "string_list_data": [
      {
        "href": "https://www.instagram.com/mustafakemalkocaturkk",
        "value": "mustafakemalkocaturkk",
        "timestamp": 1576432145
      }
    ]
  },
  {
    "title": "",
    "media_list_data": [
      
    ],
    "string_list_data": [
      {
        "href": "https://www.instagram.com/bulentakilli",
        "value": "bulentakilli",
        "timestamp": 1574851170
      }
    ]
  },
  {
    "title": "",
    "media_list_data": [
      
    ],
    "string_list_data": [
      {
        "href": "https://www.instagram.com/beng_snmz",
        "value": "beng_snmz",
        "timestamp": 1573242169
      }
    ]
  },
  {
    "title": "",
    "media_list_data": [
      
    ],
    "string_list_data": [
      {
        "href": "https://www.instagram.com/halil.kra",
        "value": "halil.kra",
        "timestamp": 1572289549
      }
    ]
  },
  {
    "title": "",
    "media_list_data": [
      
    ],
    "string_list_data": [
      {
        "href": "https://www.instagram.com/furkankdk",
        "value": "furkankdk",
        "timestamp": 1571864829
      }
    ]
  },
  {
    "title": "",
    "media_list_data": [
      
    ],
    "string_list_data": [
      {
        "href": "https://www.instagram.com/ubb361",
        "value": "ubb361",
        "timestamp": 1571584818
      }
    ]
  },
  {
    "title": "",
    "media_list_data": [
      
    ],
    "string_list_data": [
      {
        "href": "https://www.instagram.com/mustafaakssuu",
        "value": "mustafaakssuu",
        "timestamp": 1570948590
      }
    ]
  },
  {
    "title": "",
    "media_list_data": [
      
    ],
    "string_list_data": [
      {
        "href": "https://www.instagram.com/ymertkoyuncu",
        "value": "ymertkoyuncu",
        "timestamp": 1563561421
      }
    ]
  },
  {
    "title": "",
    "media_list_data": [
      
    ],
    "string_list_data": [
      {
        "href": "https://www.instagram.com/yigitssari",
        "value": "yigitssari",
        "timestamp": 1561918653
      }
    ]
  },
  {
    "title": "",
    "media_list_data": [
      
    ],
    "string_list_data": [
      {
        "href": "https://www.instagram.com/zehra.karat01",
        "value": "zehra.karat01",
        "timestamp": 1561829282
      }
    ]
  },
  {
    "title": "",
    "media_list_data": [
      
    ],
    "string_list_data": [
      {
        "href": "https://www.instagram.com/sudeeedurmaz",
        "value": "sudeeedurmaz",
        "timestamp": 1561796087
      }
    ]
  },
  {
    "title": "",
    "media_list_data": [
      
    ],
    "string_list_data": [
      {
        "href": "https://www.instagram.com/gokhanhepyetiker",
        "value": "gokhanhepyetiker",
        "timestamp": 1560270031
      }
    ]
  },
  {
    "title": "",
    "media_list_data": [
      
    ],
    "string_list_data": [
      {
        "href": "https://www.instagram.com/ogiwannn",
        "value": "ogiwannn",
        "timestamp": 1557254798
      }
    ]
  },
  {
    "title": "",
    "media_list_data": [
      
    ],
    "string_list_data": [
      {
        "href": "https://www.instagram.com/_yusufokszz_",
        "value": "_yusufokszz_",
        "timestamp": 1556888915
      }
    ]
  },
  {
    "title": "",
    "media_list_data": [
      
    ],
    "string_list_data": [
      {
        "href": "https://www.instagram.com/basaryilmaaz",
        "value": "basaryilmaaz",
        "timestamp": 1556554876
      }
    ]
  },
  {
    "title": "",
    "media_list_data": [
      
    ],
    "string_list_data": [
      {
        "href": "https://www.instagram.com/afsharbey",
        "value": "afsharbey",
        "timestamp": 1556403376
      }
    ]
  },
  {
    "title": "",
    "media_list_data": [
      
    ],
    "string_list_data": [
      {
        "href": "https://www.instagram.com/ecemenemencioglu",
        "value": "ecemenemencioglu",
        "timestamp": 1556222941
      }
    ]
  },
  {
    "title": "",
    "media_list_data": [
      
    ],
    "string_list_data": [
      {
        "href": "https://www.instagram.com/kokbirkan",
        "value": "kokbirkan",
        "timestamp": 1556131796
      }
    ]
  },
  {
    "title": "",
    "media_list_data": [
      
    ],
    "string_list_data": [
      {
        "href": "https://www.instagram.com/sinemtekbas",
        "value": "sinemtekbas",
        "timestamp": 1556009826
      }
    ]
  },
  {
    "title": "",
    "media_list_data": [
      
    ],
    "string_list_data": [
      {
        "href": "https://www.instagram.com/kaiaesra",
        "value": "kaiaesra",
        "timestamp": 1555329155
      }
    ]
  },
  {
    "title": "",
    "media_list_data": [
      
    ],
    "string_list_data": [
      {
        "href": "https://www.instagram.com/necatigulek",
        "value": "necatigulek",
        "timestamp": 1553418517
      }
    ]
  },
  {
    "title": "",
    "media_list_data": [
      
    ],
    "string_list_data": [
      {
        "href": "https://www.instagram.com/bsayilikannn",
        "value": "bsayilikannn",
        "timestamp": 1552020536
      }
    ]
  },
  {
    "title": "",
    "media_list_data": [
      
    ],
    "string_list_data": [
      {
        "href": "https://www.instagram.com/burakfirtana",
        "value": "burakfirtana",
        "timestamp": 1546100293
      }
    ]
  },
  {
    "title": "",
    "media_list_data": [
      
    ],
    "string_list_data": [
      {
        "href": "https://www.instagram.com/umuteyasar",
        "value": "umuteyasar",
        "timestamp": 1544991584
      }
    ]
  },
  {
    "title": "",
    "media_list_data": [
      
    ],
    "string_list_data": [
      {
        "href": "https://www.instagram.com/simgesyild",
        "value": "simgesyild",
        "timestamp": 1543853825
      }
    ]
  },
  {
    "title": "",
    "media_list_data": [
      
    ],
    "string_list_data": [
      {
        "href": "https://www.instagram.com/ufuk.agus",
        "value": "ufuk.agus",
        "timestamp": 1542170365
      }
    ]
  },
  {
    "title": "",
    "media_list_data": [
      
    ],
    "string_list_data": [
      {
        "href": "https://www.instagram.com/bskorucu",
        "value": "bskorucu",
        "timestamp": 1540581573
      }
    ]
  },
  {
    "title": "",
    "media_list_data": [
      
    ],
    "string_list_data": [
      {
        "href": "https://www.instagram.com/pnarakpulat",
        "value": "pnarakpulat",
        "timestamp": 1540054547
      }
    ]
  },
  {
    "title": "",
    "media_list_data": [
      
    ],
    "string_list_data": [
      {
        "href": "https://www.instagram.com/sinem.temiz",
        "value": "sinem.temiz",
        "timestamp": 1539894367
      }
    ]
  },
  {
    "title": "",
    "media_list_data": [
      
    ],
    "string_list_data": [
      {
        "href": "https://www.instagram.com/alatayfa",
        "value": "alatayfa",
        "timestamp": 1539115681
      }
    ]
  },
  {
    "title": "",
    "media_list_data": [
      
    ],
    "string_list_data": [
      {
        "href": "https://www.instagram.com/hsncan_orek",
        "value": "hsncan_orek",
        "timestamp": 1538509132
      }
    ]
  },
  {
    "title": "",
    "media_list_data": [
      
    ],
    "string_list_data": [
      {
        "href": "https://www.instagram.com/esmaccevik",
        "value": "esmaccevik",
        "timestamp": 1537045302
      }
    ]
  },
  {
    "title": "",
    "media_list_data": [
      
    ],
    "string_list_data": [
      {
        "href": "https://www.instagram.com/sinemkrk",
        "value": "sinemkrk",
        "timestamp": 1536951054
      }
    ]
  },
  {
    "title": "",
    "media_list_data": [
      
    ],
    "string_list_data": [
      {
        "href": "https://www.instagram.com/erencan.gur",
        "value": "erencan.gur",
        "timestamp": 1535048354
      }
    ]
  },
  {
    "title": "",
    "media_list_data": [
      
    ],
    "string_list_data": [
      {
        "href": "https://www.instagram.com/emrebasarans",
        "value": "emrebasarans",
        "timestamp": 1534848326
      }
    ]
  },
  {
    "title": "",
    "media_list_data": [
      
    ],
    "string_list_data": [
      {
        "href": "https://www.instagram.com/goktugsakal",
        "value": "goktugsakal",
        "timestamp": 1532880057
      }
    ]
  },
  {
    "title": "",
    "media_list_data": [
      
    ],
    "string_list_data": [
      {
        "href": "https://www.instagram.com/esinbaykall",
        "value": "esinbaykall",
        "timestamp": 1532196756
      }
    ]
  },
  {
    "title": "",
    "media_list_data": [
      
    ],
    "string_list_data": [
      {
        "href": "https://www.instagram.com/ala21cprivate",
        "value": "ala21cprivate",
        "timestamp": 1531040940
      }
    ]
  },
  {
    "title": "",
    "media_list_data": [
      
    ],
    "string_list_data": [
      {
        "href": "https://www.instagram.com/bedirhanozcan_",
        "value": "bedirhanozcan_",
        "timestamp": 1529762516
      }
    ]
  },
  {
    "title": "",
    "media_list_data": [
      
    ],
    "string_list_data": [
      {
        "href": "https://www.instagram.com/yarenozculer",
        "value": "yarenozculer",
        "timestamp": 1528657437
      }
    ]
  },
  {
    "title": "",
    "media_list_data": [
      
    ],
    "string_list_data": [
      {
        "href": "https://www.instagram.com/miraykocahan",
        "value": "miraykocahan",
        "timestamp": 1528387978
      }
    ]
  },
  {
    "title": "",
    "media_list_data": [
      
    ],
    "string_list_data": [
      {
        "href": "https://www.instagram.com/efdalavc",
        "value": "efdalavc",
        "timestamp": 1528126551
      }
    ]
  },
  {
    "title": "",
    "media_list_data": [
      
    ],
    "string_list_data": [
      {
        "href": "https://www.instagram.com/19c_ala",
        "value": "19c_ala",
        "timestamp": 1528117005
      }
    ]
  },
  {
    "title": "",
    "media_list_data": [
      
    ],
    "string_list_data": [
      {
        "href": "https://www.instagram.com/edakgollu",
        "value": "edakgollu",
        "timestamp": 1527525369
      }
    ]
  },
  {
    "title": "",
    "media_list_data": [
      
    ],
    "string_list_data": [
      {
        "href": "https://www.instagram.com/meryembetul_",
        "value": "meryembetul_",
        "timestamp": 1525637224
      }
    ]
  },
  {
    "title": "",
    "media_list_data": [
      
    ],
    "string_list_data": [
      {
        "href": "https://www.instagram.com/zekituranbayburt",
        "value": "zekituranbayburt",
        "timestamp": 1524113232
      }
    ]
  },
  {
    "title": "",
    "media_list_data": [
      
    ],
    "string_list_data": [
      {
        "href": "https://www.instagram.com/hasanturgayyikar",
        "value": "hasanturgayyikar",
        "timestamp": 1523727919
      }
    ]
  },
  {
    "title": "",
    "media_list_data": [
      
    ],
    "string_list_data": [
      {
        "href": "https://www.instagram.com/cihat_erenn_",
        "value": "cihat_erenn_",
        "timestamp": 1523376230
      }
    ]
  },
  {
    "title": "",
    "media_list_data": [
      
    ],
    "string_list_data": [
      {
        "href": "https://www.instagram.com/fesinkanat",
        "value": "fesinkanat",
        "timestamp": 1523365561
      }
    ]
  },
  {
    "title": "",
    "media_list_data": [
      
    ],
    "string_list_data": [
      {
        "href": "https://www.instagram.com/enessinoo",
        "value": "enessinoo",
        "timestamp": 1523034257
      }
    ]
  },
  {
    "title": "",
    "media_list_data": [
      
    ],
    "string_list_data": [
      {
        "href": "https://www.instagram.com/ezgiiyyilmaz",
        "value": "ezgiiyyilmaz",
        "timestamp": 1520868257
      }
    ]
  },
  {
    "title": "",
    "media_list_data": [
      
    ],
    "string_list_data": [
      {
        "href": "https://www.instagram.com/efedemircii",
        "value": "efedemircii",
        "timestamp": 1520754192
      }
    ]
  },
  {
    "title": "",
    "media_list_data": [
      
    ],
    "string_list_data": [
      {
        "href": "https://www.instagram.com/berkebuluutt",
        "value": "berkebuluutt",
        "timestamp": 1520686798
      }
    ]
  },
  {
    "title": "",
    "media_list_data": [
      
    ],
    "string_list_data": [
      {
        "href": "https://www.instagram.com/gb7officiall",
        "value": "gb7officiall",
        "timestamp": 1520343869
      }
    ]
  },
  {
    "title": "",
    "media_list_data": [
      
    ],
    "string_list_data": [
      {
        "href": "https://www.instagram.com/talhayigitc",
        "value": "talhayigitc",
        "timestamp": 1518102587
      }
    ]
  },
  {
    "title": "",
    "media_list_data": [
      
    ],
    "string_list_data": [
      {
        "href": "https://www.instagram.com/alkincelebi",
        "value": "alkincelebi",
        "timestamp": 1517851655
      }
    ]
  },
  {
    "title": "",
    "media_list_data": [
      
    ],
    "string_list_data": [
      {
        "href": "https://www.instagram.com/zhragzdeats",
        "value": "zhragzdeats",
        "timestamp": 1517755159
      }
    ]
  },
  {
    "title": "",
    "media_list_data": [
      
    ],
    "string_list_data": [
      {
        "href": "https://www.instagram.com/utkuaturen",
        "value": "utkuaturen",
        "timestamp": 1517169230
      }
    ]
  },
  {
    "title": "",
    "media_list_data": [
      
    ],
    "string_list_data": [
      {
        "href": "https://www.instagram.com/alperenyntr",
        "value": "alperenyntr",
        "timestamp": 1516655617
      }
    ]
  },
  {
    "title": "",
    "media_list_data": [
      
    ],
    "string_list_data": [
      {
        "href": "https://www.instagram.com/elifhamarat_",
        "value": "elifhamarat_",
        "timestamp": 1514355389
      }
    ]
  },
  {
    "title": "",
    "media_list_data": [
      
    ],
    "string_list_data": [
      {
        "href": "https://www.instagram.com/cann_oktar",
        "value": "cann_oktar",
        "timestamp": 1513963403
      }
    ]
  },
  {
    "title": "",
    "media_list_data": [
      
    ],
    "string_list_data": [
      {
        "href": "https://www.instagram.com/emineesahiin",
        "value": "emineesahiin",
        "timestamp": 1513870876
      }
    ]
  },
  {
    "title": "",
    "media_list_data": [
      
    ],
    "string_list_data": [
      {
        "href": "https://www.instagram.com/erdemmcoskun",
        "value": "erdemmcoskun",
        "timestamp": 1512920422
      }
    ]
  },
  {
    "title": "",
    "media_list_data": [
      
    ],
    "string_list_data": [
      {
        "href": "https://www.instagram.com/altuprivvv",
        "value": "altuprivvv",
        "timestamp": 1512920421
      }
    ]
  },
  {
    "title": "",
    "media_list_data": [
      
    ],
    "string_list_data": [
      {
        "href": "https://www.instagram.com/dilaracinkir1",
        "value": "dilaracinkir1",
        "timestamp": 1511814194
      }
    ]
  },
  {
    "title": "",
    "media_list_data": [
      
    ],
    "string_list_data": [
      {
        "href": "https://www.instagram.com/hamithhayta",
        "value": "hamithhayta",
        "timestamp": 1511451977
      }
    ]
  },
  {
    "title": "",
    "media_list_data": [
      
    ],
    "string_list_data": [
      {
        "href": "https://www.instagram.com/merttdolu",
        "value": "merttdolu",
        "timestamp": 1511188240
      }
    ]
  },
  {
    "title": "",
    "media_list_data": [
      
    ],
    "string_list_data": [
      {
        "href": "https://www.instagram.com/dilaaleyyprivate",
        "value": "dilaaleyyprivate",
        "timestamp": 1510930775
      }
    ]
  },
  {
    "title": "",
    "media_list_data": [
      
    ],
    "string_list_data": [
      {
        "href": "https://www.instagram.com/ogunkilincli",
        "value": "ogunkilincli",
        "timestamp": 1510930684
      }
    ]
  },
  {
    "title": "",
    "media_list_data": [
      
    ],
    "string_list_data": [
      {
        "href": "https://www.instagram.com/olcay.sarp",
        "value": "olcay.sarp",
        "timestamp": 1510844120
      }
    ]
  },
  {
    "title": "",
    "media_list_data": [
      
    ],
    "string_list_data": [
      {
        "href": "https://www.instagram.com/guliremelif",
        "value": "guliremelif",
        "timestamp": 1510807768
      }
    ]
  },
  {
    "title": "",
    "media_list_data": [
      
    ],
    "string_list_data": [
      {
        "href": "https://www.instagram.com/yigitkocacik",
        "value": "yigitkocacik",
        "timestamp": 1509827178
      }
    ]
  },
  {
    "title": "",
    "media_list_data": [
      
    ],
    "string_list_data": [
      {
        "href": "https://www.instagram.com/ireemcagdas",
        "value": "ireemcagdas",
        "timestamp": 1509478133
      }
    ]
  },
  {
    "title": "",
    "media_list_data": [
      
    ],
    "string_list_data": [
      {
        "href": "https://www.instagram.com/dilaraabatmaz",
        "value": "dilaraabatmaz",
        "timestamp": 1509474830
      }
    ]
  },
  {
    "title": "",
    "media_list_data": [
      
    ],
    "string_list_data": [
      {
        "href": "https://www.instagram.com/alizeaydin",
        "value": "alizeaydin",
        "timestamp": 1509079584
      }
    ]
  },
  {
    "title": "",
    "media_list_data": [
      
    ],
    "string_list_data": [
      {
        "href": "https://www.instagram.com/dilaranazbayram",
        "value": "dilaranazbayram",
        "timestamp": 1508855236
      }
    ]
  },
  {
    "title": "",
    "media_list_data": [
      
    ],
    "string_list_data": [
      {
        "href": "https://www.instagram.com/bariis.sen",
        "value": "bariis.sen",
        "timestamp": 1507823565
      }
    ]
  },
  {
    "title": "",
    "media_list_data": [
      
    ],
    "string_list_data": [
      {
        "href": "https://www.instagram.com/kaandemir.r",
        "value": "kaandemir.r",
        "timestamp": 1507728396
      }
    ]
  },
  {
    "title": "",
    "media_list_data": [
      
    ],
    "string_list_data": [
      {
        "href": "https://www.instagram.com/ala20d.private",
        "value": "ala20d.private",
        "timestamp": 1507661991
      }
    ]
  },
  {
    "title": "",
    "media_list_data": [
      
    ],
    "string_list_data": [
      {
        "href": "https://www.instagram.com/aleyy_n",
        "value": "aleyy_n",
        "timestamp": 1507226513
      }
    ]
  },
  {
    "title": "",
    "media_list_data": [
      
    ],
    "string_list_data": [
      {
        "href": "https://www.instagram.com/kayra.ktlu",
        "value": "kayra.ktlu",
        "timestamp": 1507112366
      }
    ]
  },
  {
    "title": "",
    "media_list_data": [
      
    ],
    "string_list_data": [
      {
        "href": "https://www.instagram.com/beyzaturkmen._",
        "value": "beyzaturkmen._",
        "timestamp": 1506886871
      }
    ]
  },
  {
    "title": "",
    "media_list_data": [
      
    ],
    "string_list_data": [
      {
        "href": "https://www.instagram.com/gizemgenceerr",
        "value": "gizemgenceerr",
        "timestamp": 1506683067
      }
    ]
  },
  {
    "title": "",
    "media_list_data": [
      
    ],
    "string_list_data": [
      {
        "href": "https://www.instagram.com/adananadolulisesi",
        "value": "adananadolulisesi",
        "timestamp": 1506274680
      }
    ]
  },
  {
    "title": "",
    "media_list_data": [
      
    ],
    "string_list_data": [
      {
        "href": "https://www.instagram.com/silagurdogan",
        "value": "silagurdogan",
        "timestamp": 1506105553
      }
    ]
  },
  {
    "title": "",
    "media_list_data": [
      
    ],
    "string_list_data": [
      {
        "href": "https://www.instagram.com/atakantuna_",
        "value": "atakantuna_",
        "timestamp": 1505836329
      }
    ]
  },
  {
    "title": "",
    "media_list_data": [
      
    ],
    "string_list_data": [
      {
        "href": "https://www.instagram.com/efsanebiter",
        "value": "efsanebiter",
        "timestamp": 1505416492
      }
    ]
  },
  {
    "title": "",
    "media_list_data": [
      
    ],
    "string_list_data": [
      {
        "href": "https://www.instagram.com/alikaangundes",
        "value": "alikaangundes",
        "timestamp": 1504730103
      }
    ]
  },
  {
    "title": "",
    "media_list_data": [
      
    ],
    "string_list_data": [
      {
        "href": "https://www.instagram.com/aleynanock",
        "value": "aleynanock",
        "timestamp": 1504605933
      }
    ]
  },
  {
    "title": "",
    "media_list_data": [
      
    ],
    "string_list_data": [
      {
        "href": "https://www.instagram.com/dijvar2147",
        "value": "dijvar2147",
        "timestamp": 1504271702
      }
    ]
  },
  {
    "title": "",
    "media_list_data": [
      
    ],
    "string_list_data": [
      {
        "href": "https://www.instagram.com/ahmetthalitt",
        "value": "ahmetthalitt",
        "timestamp": 1502562118
      }
    ]
  },
  {
    "title": "",
    "media_list_data": [
      
    ],
    "string_list_data": [
      {
        "href": "https://www.instagram.com/ceren.krbss",
        "value": "ceren.krbss",
        "timestamp": 1496151920
      }
    ]
  },
  {
    "title": "",
    "media_list_data": [
      
    ],
    "string_list_data": [
      {
        "href": "https://www.instagram.com/berfinkirann",
        "value": "berfinkirann",
        "timestamp": 1495846003
      }
    ]
  },
  {
    "title": "",
    "media_list_data": [
      
    ],
    "string_list_data": [
      {
        "href": "https://www.instagram.com/goksudgtki",
        "value": "goksudgtki",
        "timestamp": 1495206493
      }
    ]
  },
  {
    "title": "",
    "media_list_data": [
      
    ],
    "string_list_data": [
      {
        "href": "https://www.instagram.com/ayriscansiz",
        "value": "ayriscansiz",
        "timestamp": 1494358404
      }
    ]
  },
  {
    "title": "",
    "media_list_data": [
      
    ],
    "string_list_data": [
      {
        "href": "https://www.instagram.com/duruudemir_",
        "value": "duruudemir_",
        "timestamp": 1494150068
      }
    ]
  },
  {
    "title": "",
    "media_list_data": [
      
    ],
    "string_list_data": [
      {
        "href": "https://www.instagram.com/elifalic",
        "value": "elifalic",
        "timestamp": 1494048473
      }
    ]
  },
  {
    "title": "",
    "media_list_data": [
      
    ],
    "string_list_data": [
      {
        "href": "https://www.instagram.com/zysnnn",
        "value": "zysnnn",
        "timestamp": 1493960745
      }
    ]
  },
  {
    "title": "",
    "media_list_data": [
      
    ],
    "string_list_data": [
      {
        "href": "https://www.instagram.com/zelaloncell",
        "value": "zelaloncell",
        "timestamp": 1491747629
      }
    ]
  },
  {
    "title": "",
    "media_list_data": [
      
    ],
    "string_list_data": [
      {
        "href": "https://www.instagram.com/emrre_ceylan",
        "value": "emrre_ceylan",
        "timestamp": 1491631606
      }
    ]
  },
  {
    "title": "",
    "media_list_data": [
      
    ],
    "string_list_data": [
      {
        "href": "https://www.instagram.com/huseyinnclkkl",
        "value": "huseyinnclkkl",
        "timestamp": 1491243733
      }
    ]
  },
  {
    "title": "",
    "media_list_data": [
      
    ],
    "string_list_data": [
      {
        "href": "https://www.instagram.com/sametsurucu_",
        "value": "sametsurucu_",
        "timestamp": 1491137567
      }
    ]
  },
  {
    "title": "",
    "media_list_data": [
      
    ],
    "string_list_data": [
      {
        "href": "https://www.instagram.com/dmertates",
        "value": "dmertates",
        "timestamp": 1491034959
      }
    ]
  },
  {
    "title": "",
    "media_list_data": [
      
    ],
    "string_list_data": [
      {
        "href": "https://www.instagram.com/yusufhakanayaz",
        "value": "yusufhakanayaz",
        "timestamp": 1490893956
      }
    ]
  },
  {
    "title": "",
    "media_list_data": [
      
    ],
    "string_list_data": [
      {
        "href": "https://www.instagram.com/emirryildiz_",
        "value": "emirryildiz_",
        "timestamp": 1490884327
      }
    ]
  },
  {
    "title": "",
    "media_list_data": [
      
    ],
    "string_list_data": [
      {
        "href": "https://www.instagram.com/tuna_ulukan",
        "value": "tuna_ulukan",
        "timestamp": 1490621078
      }
    ]
  },
  {
    "title": "",
    "media_list_data": [
      
    ],
    "string_list_data": [
      {
        "href": "https://www.instagram.com/yagmurkklc",
        "value": "yagmurkklc",
        "timestamp": 1489766839
      }
    ]
  },
  {
    "title": "",
    "media_list_data": [
      
    ],
    "string_list_data": [
      {
        "href": "https://www.instagram.com/derindemir13",
        "value": "derindemir13",
        "timestamp": 1489300093
      }
    ]
  },
  {
    "title": "",
    "media_list_data": [
      
    ],
    "string_list_data": [
      {
        "href": "https://www.instagram.com/yagmur_p_",
        "value": "yagmur_p_",
        "timestamp": 1489300014
      }
    ]
  },
  {
    "title": "",
    "media_list_data": [
      
    ],
    "string_list_data": [
      {
        "href": "https://www.instagram.com/cerenkorkmazz",
        "value": "cerenkorkmazz",
        "timestamp": 1489255394
      }
    ]
  },
  {
    "title": "",
    "media_list_data": [
      
    ],
    "string_list_data": [
      {
        "href": "https://www.instagram.com/meryem_toktay",
        "value": "meryem_toktay",
        "timestamp": 1488552038
      }
    ]
  },
  {
    "title": "",
    "media_list_data": [
      
    ],
    "string_list_data": [
      {
        "href": "https://www.instagram.com/tunakilkis",
        "value": "tunakilkis",
        "timestamp": 1487504910
      }
    ]
  },
  {
    "title": "",
    "media_list_data": [
      
    ],
    "string_list_data": [
      {
        "href": "https://www.instagram.com/kubilaykavci",
        "value": "kubilaykavci",
        "timestamp": 1484427857
      }
    ]
  },
  {
    "title": "",
    "media_list_data": [
      
    ],
    "string_list_data": [
      {
        "href": "https://www.instagram.com/baturalq",
        "value": "baturalq",
        "timestamp": 1483221779
      }
    ]
  },
  {
    "title": "",
    "media_list_data": [
      
    ],
    "string_list_data": [
      {
        "href": "https://www.instagram.com/tubatopacik",
        "value": "tubatopacik",
        "timestamp": 1483221776
      }
    ]
  },
  {
    "title": "",
    "media_list_data": [
      
    ],
    "string_list_data": [
      {
        "href": "https://www.instagram.com/senaesginus",
        "value": "senaesginus",
        "timestamp": 1482580764
      }
    ]
  },
  {
    "title": "",
    "media_list_data": [
      
    ],
    "string_list_data": [
      {
        "href": "https://www.instagram.com/eeyluls",
        "value": "eeyluls",
        "timestamp": 1481732205
      }
    ]
  },
  {
    "title": "",
    "media_list_data": [
      
    ],
    "string_list_data": [
      {
        "href": "https://www.instagram.com/ecemtura",
        "value": "ecemtura",
        "timestamp": 1481318410
      }
    ]
  },
  {
    "title": "",
    "media_list_data": [
      
    ],
    "string_list_data": [
      {
        "href": "https://www.instagram.com/zeynepkocahan",
        "value": "zeynepkocahan",
        "timestamp": 1480396910
      }
    ]
  },
  {
    "title": "",
    "media_list_data": [
      
    ],
    "string_list_data": [
      {
        "href": "https://www.instagram.com/aycaaakarakus",
        "value": "aycaaakarakus",
        "timestamp": 1480348032
      }
    ]
  },
  {
    "title": "",
    "media_list_data": [
      
    ],
    "string_list_data": [
      {
        "href": "https://www.instagram.com/nazirekolkiran",
        "value": "nazirekolkiran",
        "timestamp": 1479962989
      }
    ]
  },
  {
    "title": "",
    "media_list_data": [
      
    ],
    "string_list_data": [
      {
        "href": "https://www.instagram.com/dilaacerkol",
        "value": "dilaacerkol",
        "timestamp": 1479962980
      }
    ]
  },
  {
    "title": "",
    "media_list_data": [
      
    ],
    "string_list_data": [
      {
        "href": "https://www.instagram.com/aybuke_tidin",
        "value": "aybuke_tidin",
        "timestamp": 1478989643
      }
    ]
  },
  {
    "title": "",
    "media_list_data": [
      
    ],
    "string_list_data": [
      {
        "href": "https://www.instagram.com/simalgenc",
        "value": "simalgenc",
        "timestamp": 1478942332
      }
    ]
  },
  {
    "title": "",
    "media_list_data": [
      
    ],
    "string_list_data": [
      {
        "href": "https://www.instagram.com/eeylulavci",
        "value": "eeylulavci",
        "timestamp": 1478893844
      }
    ]
  },
  {
    "title": "",
    "media_list_data": [
      
    ],
    "string_list_data": [
      {
        "href": "https://www.instagram.com/dilanursahin1",
        "value": "dilanursahin1",
        "timestamp": 1478347361
      }
    ]
  },
  {
    "title": "",
    "media_list_data": [
      
    ],
    "string_list_data": [
      {
        "href": "https://www.instagram.com/emrulug",
        "value": "emrulug",
        "timestamp": 1477835335
      }
    ]
  },
  {
    "title": "",
    "media_list_data": [
      
    ],
    "string_list_data": [
      {
        "href": "https://www.instagram.com/ellifsevim",
        "value": "ellifsevim",
        "timestamp": 1477678687
      }
    ]
  },
  {
    "title": "",
    "media_list_data": [
      
    ],
    "string_list_data": [
      {
        "href": "https://www.instagram.com/sudekkar",
        "value": "sudekkar",
        "timestamp": 1477674476
      }
    ]
  },
  {
    "title": "",
    "media_list_data": [
      
    ],
    "string_list_data": [
      {
        "href": "https://www.instagram.com/selinycan",
        "value": "selinycan",
        "timestamp": 1477253524
      }
    ]
  },
  {
    "title": "",
    "media_list_data": [
      
    ],
    "string_list_data": [
      {
        "href": "https://www.instagram.com/bbasakozen",
        "value": "bbasakozen",
        "timestamp": 1476725287
      }
    ]
  },
  {
    "title": "",
    "media_list_data": [
      
    ],
    "string_list_data": [
      {
        "href": "https://www.instagram.com/semihaakkgul",
        "value": "semihaakkgul",
        "timestamp": 1476724018
      }
    ]
  },
  {
    "title": "",
    "media_list_data": [
      
    ],
    "string_list_data": [
      {
        "href": "https://www.instagram.com/v.esinn",
        "value": "v.esinn",
        "timestamp": 1476543903
      }
    ]
  },
  {
    "title": "",
    "media_list_data": [
      
    ],
    "string_list_data": [
      {
        "href": "https://www.instagram.com/selinnozsahin",
        "value": "selinnozsahin",
        "timestamp": 1476383033
      }
    ]
  },
  {
    "title": "",
    "media_list_data": [
      
    ],
    "string_list_data": [
      {
        "href": "https://www.instagram.com/feyzaktaas",
        "value": "feyzaktaas",
        "timestamp": 1476383028
      }
    ]
  },
  {
    "title": "",
    "media_list_data": [
      
    ],
    "string_list_data": [
      {
        "href": "https://www.instagram.com/umutkv",
        "value": "umutkv",
        "timestamp": 1476115876
      }
    ]
  },
  {
    "title": "",
    "media_list_data": [
      
    ],
    "string_list_data": [
      {
        "href": "https://www.instagram.com/selinnbaysal",
        "value": "selinnbaysal",
        "timestamp": 1476016300
      }
    ]
  },
  {
    "title": "",
    "media_list_data": [
      
    ],
    "string_list_data": [
      {
        "href": "https://www.instagram.com/sevdeesevimm",
        "value": "sevdeesevimm",
        "timestamp": 1475942323
      }
    ]
  },
  {
    "title": "",
    "media_list_data": [
      
    ],
    "string_list_data": [
      {
        "href": "https://www.instagram.com/zulalogur",
        "value": "zulalogur",
        "timestamp": 1475912281
      }
    ]
  },
  {
    "title": "",
    "media_list_data": [
      
    ],
    "string_list_data": [
      {
        "href": "https://www.instagram.com/ugurbarisbahcivan",
        "value": "ugurbarisbahcivan",
        "timestamp": 1475776540
      }
    ]
  },
  {
    "title": "",
    "media_list_data": [
      
    ],
    "string_list_data": [
      {
        "href": "https://www.instagram.com/rslnlfs",
        "value": "rslnlfs",
        "timestamp": 1475609404
      }
    ]
  },
  {
    "title": "",
    "media_list_data": [
      
    ],
    "string_list_data": [
      {
        "href": "https://www.instagram.com/selinsoydan5",
        "value": "selinsoydan5",
        "timestamp": 1475608975
      }
    ]
  },
  {
    "title": "",
    "media_list_data": [
      
    ],
    "string_list_data": [
      {
        "href": "https://www.instagram.com/suedaoner",
        "value": "suedaoner",
        "timestamp": 1475604912
      }
    ]
  },
  {
    "title": "",
    "media_list_data": [
      
    ],
    "string_list_data": [
      {
        "href": "https://www.instagram.com/erayotegen",
        "value": "erayotegen",
        "timestamp": 1475601867
      }
    ]
  },
  {
    "title": "",
    "media_list_data": [
      
    ],
    "string_list_data": [
      {
        "href": "https://www.instagram.com/can.bolatt",
        "value": "can.bolatt",
        "timestamp": 1475510723
      }
    ]
  },
  {
    "title": "",
    "media_list_data": [
      
    ],
    "string_list_data": [
      {
        "href": "https://www.instagram.com/ahmetsangull",
        "value": "ahmetsangull",
        "timestamp": 1475509214
      }
    ]
  },
  {
    "title": "",
    "media_list_data": [
      
    ],
    "string_list_data": [
      {
        "href": "https://www.instagram.com/buse.yakicii",
        "value": "buse.yakicii",
        "timestamp": 1475336537
      }
    ]
  },
  {
    "title": "",
    "media_list_data": [
      
    ],
    "string_list_data": [
      {
        "href": "https://www.instagram.com/fulyasarii",
        "value": "fulyasarii",
        "timestamp": 1475087204
      }
    ]
  },
  {
    "title": "",
    "media_list_data": [
      
    ],
    "string_list_data": [
      {
        "href": "https://www.instagram.com/dsnacar",
        "value": "dsnacar",
        "timestamp": 1474898294
      }
    ]
  },
  {
    "title": "",
    "media_list_data": [
      
    ],
    "string_list_data": [
      {
        "href": "https://www.instagram.com/gizemuzum_",
        "value": "gizemuzum_",
        "timestamp": 1474694545
      }
    ]
  },
  {
    "title": "",
    "media_list_data": [
      
    ],
    "string_list_data": [
      {
        "href": "https://www.instagram.com/aycaakurt",
        "value": "aycaakurt",
        "timestamp": 1474470162
      }
    ]
  },
  {
    "title": "",
    "media_list_data": [
      
    ],
    "string_list_data": [
      {
        "href": "https://www.instagram.com/iremselek",
        "value": "iremselek",
        "timestamp": 1474432330
      }
    ]
  },
  {
    "title": "",
    "media_list_data": [
      
    ],
    "string_list_data": [
      {
        "href": "https://www.instagram.com/karasoglualtug",
        "value": "karasoglualtug",
        "timestamp": 1474391626
      }
    ]
  },
  {
    "title": "",
    "media_list_data": [
      
    ],
    "string_list_data": [
      {
        "href": "https://www.instagram.com/eyp.bdr",
        "value": "eyp.bdr",
        "timestamp": 1473540143
      }
    ]
  },
  {
    "title": "",
    "media_list_data": [
      
    ],
    "string_list_data": [
      {
        "href": "https://www.instagram.com/yarencetin8",
        "value": "yarencetin8",
        "timestamp": 1466940407
      }
    ]
  },
  {
    "title": "",
    "media_list_data": [
      
    ],
    "string_list_data": [
      {
        "href": "https://www.instagram.com/caglayakann",
        "value": "caglayakann",
        "timestamp": 1465043643
      }
    ]
  },
  {
    "title": "",
    "media_list_data": [
      
    ],
    "string_list_data": [
      {
        "href": "https://www.instagram.com/yasinalpayy",
        "value": "yasinalpayy",
        "timestamp": 1463777497
      }
    ]
  },
  {
    "title": "",
    "media_list_data": [
      
    ],
    "string_list_data": [
      {
        "href": "https://www.instagram.com/dorum.gozde",
        "value": "dorum.gozde",
        "timestamp": 1463684135
      }
    ]
  },
  {
    "title": "",
    "media_list_data": [
      
    ],
    "string_list_data": [
      {
        "href": "https://www.instagram.com/arda.dogruerr",
        "value": "arda.dogruerr",
        "timestamp": 1457886751
      }
    ]
  },
  {
    "title": "",
    "media_list_data": [
      
    ],
    "string_list_data": [
      {
        "href": "https://www.instagram.com/beyzadurhasan",
        "value": "beyzadurhasan",
        "timestamp": 1454103998
      }
    ]
  },
  {
    "title": "",
    "media_list_data": [
      
    ],
    "string_list_data": [
      {
        "href": "https://www.instagram.com/haticetopdas",
        "value": "haticetopdas",
        "timestamp": 1453465961
      }
    ]
  },
  {
    "title": "",
    "media_list_data": [
      
    ],
    "string_list_data": [
      {
        "href": "https://www.instagram.com/yagmurbaykuler",
        "value": "yagmurbaykuler",
        "timestamp": 1431790563
      }
    ]
  },
  {
    "title": "",
    "media_list_data": [
      
    ],
    "string_list_data": [
      {
        "href": "https://www.instagram.com/diilakochan",
        "value": "diilakochan",
        "timestamp": 1431774494
      }
    ]
  }
]