{
  "relationships_hide_stories_from": [
    {
      "title": "",
      "media_list_data": [
        
      ],
      "string_list_data": [
        {
          "href": "https://www.instagram.com/yalcinbozz",
          "value": "yalcinbozz",
          "timestamp": 1756842641
        }
      ]
    },
    {
      "title": "",
      "media_list_data": [
        
      ],
      "string_list_data": [
        {
          "href": "https://www.instagram.com/sefika.eker",
          "value": "sefika.eker",
          "timestamp": 1756842553
        }
      ]
    },
    {
      "title": "",
      "media_list_data": [
        
      ],
      "string_list_data": [
        {
          "href": "https://www.instagram.com/gizem_argn",
          "value": "gizem_argn",
          "timestamp": 1756842553
        }
      ]
    },
    {
      "title": "",
      "media_list_data": [
        
      ],
      "string_list_data": [
        {
          "href": "https://www.instagram.com/durmusagzikucuk",
          "value": "durmusagzikucuk",
          "timestamp": 1756842553
        }
      ]
    },
    {
      "title": "",
      "media_list_data": [
        
      ],
      "string_list_data": [
        {
          "href": "https://www.instagram.com/erginkoluman",
          "value": "erginkoluman",
          "timestamp": 1756842553
        }
      ]
    },
    {
      "title": "",
      "media_list_data": [
        
      ],
      "string_list_data": [
        {
          "href": "https://www.instagram.com/serpilanik",
          "value": "serpilanik",
          "timestamp": 1748163390
        }
      ]
    },
    {
      "title": "",
      "media_list_data": [
        
      ],
      "string_list_data": [
        {
          "href": "https://www.instagram.com/sevcancakmak01",
          "value": "sevcancakmak01",
          "timestamp": 1721237880
        }
      ]
    },
    {
      "title": "",
      "media_list_data": [
        
      ],
      "string_list_data": [
        {
          "href": "https://www.instagram.com/nazli.kesenn",
          "value": "nazli.kesenn",
          "timestamp": 1682804990
        }
      ]
    },
    {
      "title": "",
      "media_list_data": [
        
      ],
      "string_list_data": [
        {
          "href": "https://www.instagram.com/leventlatasever",
          "value": "leventlatasever",
          "timestamp": 1644864795
        }
      ]
    },
    {
      "title": "",
      "media_list_data": [
        
      ],
      "string_list_data": [
        {
          "href": "https://www.instagram.com/zeynepunnaall",
          "value": "zeynepunnaall",
          "timestamp": 1644518513
        }
      ]
    },
    {
      "title": "",
      "media_list_data": [
        
      ],
      "string_list_data": [
        {
          "href": "https://www.instagram.com/zehra.karat01",
          "value": "zehra.karat01",
          "timestamp": 1637342035
        }
      ]
    },
    {
      "title": "",
      "media_list_data": [
        
      ],
      "string_list_data": [
        {
          "href": "https://www.instagram.com/arzuna84",
          "value": "arzuna84",
          "timestamp": 1631728397
        }
      ]
    },
    {
      "title": "",
      "media_list_data": [
        
      ],
      "string_list_data": [
        {
          "href": "https://www.instagram.com/mahir_istanbullu",
          "value": "mahir_istanbullu",
          "timestamp": 1627160430
        }
      ]
    },
    {
      "title": "",
      "media_list_data": [
        
      ],
      "string_list_data": [
        {
          "href": "https://www.instagram.com/ozlem.esginus",
          "value": "ozlem.esginus",
          "timestamp": 1625948039
        }
      ]
    },
    {
      "title": "",
      "media_list_data": [
        
      ],
      "string_list_data": [
        {
          "href": "https://www.instagram.com/gb7officiall",
          "value": "gb7officiall",
          "timestamp": 1612940272
        }
      ]
    },
    {
      "title": "",
      "media_list_data": [
        
      ],
      "string_list_data": [
        {
          "href": "https://www.instagram.com/personnalitedhistorien",
          "value": "personnalitedhistorien",
          "timestamp": 1612940248
        }
      ]
    },
    {
      "title": "",
      "media_list_data": [
        
      ],
      "string_list_data": [
        {
          "href": "https://www.instagram.com/cakirhasannn",
          "value": "cakirhasannn",
          "timestamp": 1609424037
        }
      ]
    },
    {
      "title": "",
      "media_list_data": [
        
      ],
      "string_list_data": [
        {
          "href": "https://www.instagram.com/ofisegitim",
          "value": "ofisegitim",
          "timestamp": 1601183327
        }
      ]
    },
    {
      "title": "",
      "media_list_data": [
        
      ],
      "string_list_data": [
        {
          "href": "https://www.instagram.com/mesutilbuga",
          "value": "mesutilbuga",
          "timestamp": 1576944554
        }
      ]
    },
    {
      "title": "",
      "media_list_data": [
        
      ],
      "string_list_data": [
        {
          "href": "https://www.instagram.com/bulentakilli",
          "value": "bulentakilli",
          "timestamp": 1576940351
        }
      ]
    },
    {
      "title": "",
      "media_list_data": [
        
      ],
      "string_list_data": [
        {
          "href": "https://www.instagram.com/my_fizik_",
          "value": "my_fizik_",
          "timestamp": 1566469441
        }
      ]
    },
    {
      "title": "",
      "media_list_data": [
        
      ],
      "string_list_data": [
        {
          "href": "https://www.instagram.com/neslihanozturrrk",
          "value": "neslihanozturrrk",
          "timestamp": 1555612614
        }
      ]
    },
    {
      "title": "",
      "media_list_data": [
        
      ],
      "string_list_data": [
        {
          "href": "https://www.instagram.com/gulcindagteki",
          "value": "gulcindagteki",
          "timestamp": 1554019214
        }
      ]
    },
    {
      "title": "",
      "media_list_data": [
        
      ],
      "string_list_data": [
        {
          "href": "https://www.instagram.com/hasanturgayyikar",
          "value": "hasanturgayyikar",
          "timestamp": 1525101625
        }
      ]
    },
    {
      "title": "",
      "media_list_data": [
        
      ],
      "string_list_data": [
        {
          "href": "https://www.instagram.com/hasangnr2969",
          "value": "hasangnr2969",
          "timestamp": 1525101625
        }
      ]
    },
    {
      "title": "",
      "media_list_data": [
        
      ],
      "string_list_data": [
        {
          "href": "https://www.instagram.com/sarimufide",
          "value": "sarimufide",
          "timestamp": 1523713408
        }
      ]
    },
    {
      "title": "",
      "media_list_data": [
        
      ],
      "string_list_data": [
        {
          "href": "https://www.instagram.com/muharremyanarates",
          "value": "muharremyanarates",
          "timestamp": 1523713408
        }
      ]
    },
    {
      "title": "",
      "media_list_data": [
        
      ],
      "string_list_data": [
        {
          "href": "https://www.instagram.com/ozlm_inceoglu",
          "value": "ozlm_inceoglu",
          "timestamp": 1523713408
        }
      ]
    },
    {
      "title": "",
      "media_list_data": [
        
      ],
      "string_list_data": [
        {
          "href": "https://www.instagram.com/women_world2015",
          "value": "women_world2015",
          "timestamp": 1523713408
        }
      ]
    },
    {
      "title": "",
      "media_list_data": [
        
      ],
      "string_list_data": [
        {
          "href": "https://www.instagram.com/ilhan_yasemin_yldz",
          "value": "ilhan_yasemin_yldz",
          "timestamp": 1523713408
        }
      ]
    },
    {
      "title": "",
      "media_list_data": [
        
      ],
      "string_list_data": [
        {
          "href": "https://www.instagram.com/emine_ve_cemil",
          "value": "emine_ve_cemil",
          "timestamp": 1523713408
        }
      ]
    },
    {
      "title": "",
      "media_list_data": [
        
      ],
      "string_list_data": [
        {
          "href": "https://www.instagram.com/husynsimsek",
          "value": "husynsimsek",
          "timestamp": 1514755574
        }
      ]
    },
    {
      "title": "",
      "media_list_data": [
        
      ],
      "string_list_data": [
        {
          "href": "https://www.instagram.com/cns_smsk",
          "value": "cns_smsk",
          "timestamp": 1514755574
        }
      ]
    },
    {
      "title": "",
      "media_list_data": [
        
      ],
      "string_list_data": [
        {
          "href": "https://www.instagram.com/dilekbzn01",
          "value": "dilekbzn01",
          "timestamp": 1509304271
        }
      ]
    }
  ]
}