{
  "relationships_follow_requests_sent": [
    {
      "title": "",
      "media_list_data": [
        
      ],
      "string_list_data": [
        {
          "href": "https://www.instagram.com/tolqadman",
          "value": "tolqadman",
          "timestamp": 1750876513
        }
      ]
    },
    {
      "title": "",
      "media_list_data": [
        
      ],
      "string_list_data": [
        {
          "href": "https://www.instagram.com/resat.senguler",
          "value": "resat.senguler",
          "timestamp": 1750876346
        }
      ]
    },
    {
      "title": "",
      "media_list_data": [
        
      ],
      "string_list_data": [
        {
          "href": "https://www.instagram.com/aybenizgzysl",
          "value": "aybenizgzysl",
          "timestamp": 1744150471
        }
      ]
    },
    {
      "title": "",
      "media_list_data": [
        
      ],
      "string_list_data": [
        {
          "href": "https://www.instagram.com/oz_resatberat",
          "value": "oz_resatberat",
          "timestamp": 1733134073
        }
      ]
    },
    {
      "title": "",
      "media_list_data": [
        
      ],
      "string_list_data": [
        {
          "href": "https://www.instagram.com/glow.com.tr",
          "value": "glow.com.tr",
          "timestamp": 1634325118
        }
      ]
    },
    {
      "title": "",
      "media_list_data": [
        
      ],
      "string_list_data": [
        {
          "href": "https://www.instagram.com/c.an.ugurrrr",
          "value": "c.an.ugurrrr",
          "timestamp": 1625080355
        }
      ]
    },
    {
      "title": "",
      "media_list_data": [
        
      ],
      "string_list_data": [
        {
          "href": "https://www.instagram.com/troll__epsan_",
          "value": "troll__epsan_",
          "timestamp": 1472456244
        }
      ]
    },
    {
      "title": "",
      "media_list_data": [
        
      ],
      "string_list_data": [
        {
          "href": "https://www.instagram.com/namlibusra_",
          "value": "namlibusra_",
          "timestamp": 1468423914
        }
      ]
    },
    {
      "title": "",
      "media_list_data": [
        
      ],
      "string_list_data": [
        {
          "href": "https://www.instagram.com/__tumblr_boys_girls",
          "value": "__tumblr_boys_girls",
          "timestamp": 1443705505
        }
      ]
    }
  ]
}