{
  "relationships_unfollowed_users": [
    {
      "title": "",
      "media_list_data": [
        
      ],
      "string_list_data": [
        {
          "href": "https://www.instagram.com/eda.krkmaz1",
          "value": "eda.krkmaz1",
          "timestamp": 1763388141
        }
      ]
    },
    {
      "title": "",
      "media_list_data": [
        
      ],
      "string_list_data": [
        {
          "href": "https://www.instagram.com/akmeseberk",
          "value": "akmeseberk",
          "timestamp": 1762291944
        }
      ]
    },
    {
      "title": "",
      "media_list_data": [
        
      ],
      "string_list_data": [
        {
          "href": "https://www.instagram.com/eeren_cevik",
          "value": "eeren_cevik",
          "timestamp": 1762290078
        }
      ]
    },
    {
      "title": "",
      "media_list_data": [
        
      ],
      "string_list_data": [
        {
          "href": "https://www.instagram.com/necatimert01",
          "value": "necatimert01",
          "timestamp": 1762262861
        }
      ]
    },
    {
      "title": "",
      "media_list_data": [
        
      ],
      "string_list_data": [
        {
          "href": "https://www.instagram.com/aemirzeytunn",
          "value": "aemirzeytunn",
          "timestamp": 1761728492
        }
      ]
    },
    {
      "title": "",
      "media_list_data": [
        
      ],
      "string_list_data": [
        {
          "href": "https://www.instagram.com/egdgl",
          "value": "egdgl",
          "timestamp": 1761327072
        }
      ]
    },
    {
      "title": "",
      "media_list_data": [
        
      ],
      "string_list_data": [
        {
          "href": "https://www.instagram.com/_myilmazz",
          "value": "_myilmazz",
          "timestamp": 1761205144
        }
      ]
    },
    {
      "title": "",
      "media_list_data": [
        
      ],
      "string_list_data": [
        {
          "href": "https://www.instagram.com/mathildaflowerstr",
          "value": "mathildaflowerstr",
          "timestamp": 1761157104
        }
      ]
    },
    {
      "title": "",
      "media_list_data": [
        
      ],
      "string_list_data": [
        {
          "href": "https://www.instagram.com/mehmet.tuug",
          "value": "mehmet.tuug",
          "timestamp": 1760649065
        }
      ]
    },
    {
      "title": "",
      "media_list_data": [
        
      ],
      "string_list_data": [
        {
          "href": "https://www.instagram.com/bora.ozcoban",
          "value": "bora.ozcoban",
          "timestamp": 1760388172
        }
      ]
    },
    {
      "title": "",
      "media_list_data": [
        
      ],
      "string_list_data": [
        {
          "href": "https://www.instagram.com/mustafakcal",
          "value": "mustafakcal",
          "timestamp": 1760126842
        }
      ]
    },
    {
      "title": "",
      "media_list_data": [
        
      ],
      "string_list_data": [
        {
          "href": "https://www.instagram.com/onursariyev_",
          "value": "onursariyev_",
          "timestamp": 1759011162
        }
      ]
    },
    {
      "title": "",
      "media_list_data": [
        
      ],
      "string_list_data": [
        {
          "href": "https://www.instagram.com/batiblb",
          "value": "batiblb",
          "timestamp": 1759006087
        }
      ]
    },
    {
      "title": "",
      "media_list_data": [
        
      ],
      "string_list_data": [
        {
          "href": "https://www.instagram.com/oz_boz",
          "value": "oz_boz",
          "timestamp": 1758927691
        }
      ]
    },
    {
      "title": "",
      "media_list_data": [
        
      ],
      "string_list_data": [
        {
          "href": "https://www.instagram.com/ergoterapistmelikeagba",
          "value": "ergoterapistmelikeagba",
          "timestamp": 1758904127
        }
      ]
    },
    {
      "title": "",
      "media_list_data": [
        
      ],
      "string_list_data": [
        {
          "href": "https://www.instagram.com/erhan.o.z",
          "value": "erhan.o.z",
          "timestamp": 1758579024
        }
      ]
    }
  ]
}