{
  "relationships_permanent_follow_requests": [
    {
      "title": "",
      "media_list_data": [
        
      ],
      "string_list_data": [
        {
          "href": "https://www.instagram.com/bedirhanozcan_",
          "value": "bedirhanozcan_",
          "timestamp": 1762010538
        }
      ]
    },
    {
      "title": "",
      "media_list_data": [
        
      ],
      "string_list_data": [
        {
          "href": "https://www.instagram.com/cihat_erenn_",
          "value": "cihat_erenn_",
          "timestamp": 1762010531
        }
      ]
    },
    {
      "title": "",
      "media_list_data": [
        
      ],
      "string_list_data": [
        {
          "href": "https://www.instagram.com/_myilmazz",
          "value": "_myilmazz",
          "timestamp": 1761064701
        }
      ]
    },
    {
      "title": "",
      "media_list_data": [
        
      ],
      "string_list_data": [
        {
          "href": "https://www.instagram.com/ecepinarkir",
          "value": "ecepinarkir",
          "timestamp": 1758711090
        }
      ]
    },
    {
      "title": "",
      "media_list_data": [
        
      ],
      "string_list_data": [
        {
          "href": "https://www.instagram.com/sinanyavuzz_",
          "value": "sinanyavuzz_",
          "timestamp": 1758711021
        }
      ]
    },
    {
      "title": "",
      "media_list_data": [
        
      ],
      "string_list_data": [
        {
          "href": "https://www.instagram.com/semill12",
          "value": "semill12",
          "timestamp": 1758479959
        }
      ]
    },
    {
      "title": "",
      "media_list_data": [
        
      ],
      "string_list_data": [
        {
          "href": "https://www.instagram.com/seyhanttopaloglu",
          "value": "seyhanttopaloglu",
          "timestamp": 1758140216
        }
      ]
    },
    {
      "title": "",
      "media_list_data": [
        
      ],
      "string_list_data": [
        {
          "href": "https://www.instagram.com/mehmet.tuug",
          "value": "mehmet.tuug",
          "timestamp": 1757788949
        }
      ]
    },
    {
      "title": "",
      "media_list_data": [
        
      ],
      "string_list_data": [
        {
          "href": "https://www.instagram.com/ihizgi",
          "value": "ihizgi",
          "timestamp": 1756833095
        }
      ]
    }
  ]
}