{
  "relationships_dismissed_suggested_users": [
    {
      "title": "",
      "media_list_data": [
        
      ],
      "string_list_data": [
        {
          "href": "https://www.instagram.com/hwhebdbxnndnen",
          "value": "hwhebdbxnndnen",
          "timestamp": 1664115158
        }
      ]
    },
    {
      "title": "",
      "media_list_data": [
        
      ],
      "string_list_data": [
        {
          "href": "https://www.instagram.com/mesudeyazgan3",
          "value": "mesudeyazgan3",
          "timestamp": 1612889126
        }
      ]
    },
    {
      "title": "",
      "media_list_data": [
        
      ],
      "string_list_data": [
        {
          "href": "https://www.instagram.com/yigitakbass",
          "value": "yigitakbass",
          "timestamp": 1529146395
        }
      ]
    }
  ]
}